172.27.22.206,184.84.108.217,50821,443,TCP,9,6,3,33.333333333333336,0,118017.0,100.44444444444444,0,0,176.819291165854,0.5555555555555556,0.007659913402306448,14752.125,nan,nan,1000.0,nan,nan,31265.061728395056,nan,nan,544,155.77777777777777,66,76.26019980172347
172.27.22.206,131.253.61.82,50822,443,TCP,14,9,5,35.714285714285715,0,26126.25,567.5714285714286,0,0,1766.3105500403021,0.5714285714285714,0.3041385579637338,2009.7115384615386,nan,nan,1090.0,nan,nan,3119852.959183675,nan,nan,6971,622.4285714285714,66,535.8595282522367
172.27.22.206,40.77.224.11,50823,443,TCP,14,11,3,21.428571428571427,0,110342.0,70.78571428571429,0,0,152.93958057390654,0.7142857142857143,0.008981167642420837,8487.846153846154,nan,nan,712.0,nan,nan,23390.515306122452,nan,nan,603,125.64285714285714,66,126.87825125518842
172.27.22.206,131.253.61.82,50824,443,TCP,14,9,5,35.714285714285715,0,19971.0,571.0,0,0,1778.6339805408795,0.5714285714285714,0.4002804065895548,1536.2307692307693,nan,nan,1051.0,nan,nan,3163538.8367346935,nan,nan,7019,625.8571428571429,66,701.0164738871364
172.27.22.206,131.253.61.82,50825,443,TCP,13,8,5,38.46153846153846,0,13639.0,614.9230769230769,0,0,1838.4225615437,0.5384615384615384,0.5861133514187257,1136.5833333333333,nan,nan,775.125,nan,nan,3379797.5147929,nan,nan,7019,669.8461538461538,66,953.1490578488159
172.27.22.206,131.253.61.82,50826,443,TCP,14,9,5,35.714285714285715,0,14147.75,571.0,0,0,1778.6339805408795,0.5714285714285714,0.5650368433143079,1088.2884615384614,nan,nan,1108.25,nan,nan,3163538.8367346935,nan,nan,7019,625.8571428571429,66,989.5566432825008
172.27.22.206,172.27.20.2,22,43436,TCP,138,3,135,97.82608695652173,0,5975212.75,131.94202898550725,0,0,59.953577224133795,0.9637681159420289,0.003047255514040065,43614.69160583941,nan,nan,6429.0,nan,nan,3594.4314219701746,nan,nan,742,185.94202898550725,182,23.095411958344076
172.27.22.206,131.253.61.82,50827,443,TCP,14,9,5,35.714285714285715,0,13366.0,571.0,0,0,1778.6339805408795,0.5714285714285714,0.5980846925033667,1028.1538461538462,nan,nan,723.0,nan,nan,3163538.8367346935,nan,nan,7019,625.8571428571429,66,1047.4337872213077
172.27.22.206,172.27.20.2,22,43430,TCP,341,2,339,99.41348973607037,0,7866782.0,251.4017595307918,0,0,1100.2490866460764,0.9589442815249267,0.010897467350690537,23137.59411764706,nan,nan,6056.75,nan,nan,1210548.0526655256,nan,nan,11750,305.40175953079176,182,43.34682211862487
172.27.22.206,172.27.16.7,137,137,UDP,207,0,207,100.0,0,7845352.0,68.0,0,0,0.0,1.0,0.0017941833585032258,38084.23300970874,nan,nan,1115.75,nan,nan,0.0,nan,nan,110,110.0,110,26.38504938975332
172.27.22.206,172.27.27.172,33332,33315,UDP,89,0,89,100.0,0,7718986.0,93.52808988764045,0,0,47.224324785089834,0.056179775280898875,0.0010783799841067208,87715.75,nan,nan,1396.125,nan,nan,2230.1368514076503,nan,nan,264,135.52808988764045,80,11.530011843524525
172.27.22.206,172.27.27.172,33332,33316,UDP,90,0,90,100.0,0,7718983.75,104.02222222222223,0,0,44.06333264689153,0.07777777777777778,0.0012128539589165478,86730.15449438202,nan,nan,1614.25,nan,nan,1941.5772839506174,nan,nan,270,146.0222222222222,129,11.659565937031543
172.27.22.206,172.27.27.172,33312,33315,UDP,91,0,91,100.0,0,7753297.0,104.34065934065934,0,0,40.41113429971306,0.06593406593406594,0.0012246403046342737,86147.74444444444,nan,nan,1067.5,nan,nan,1633.0597753894456,nan,nan,265,146.34065934065933,260,11.736942361423791
172.27.22.206,172.27.27.172,33312,33316,UDP,91,0,91,100.0,0,7747118.75,102.65934065934066,0,0,43.34634851098302,0.07692307692307693,0.0012058676653175092,86079.09722222222,nan,nan,1077.875,nan,nan,1878.9059292355998,nan,nan,273,144.65934065934067,200,11.746302455993721
172.27.22.206,172.27.255.255,138,138,UDP,12,0,12,100.0,0,7777136.75,201.0,0,0,0.0,1.0,0.0003101398467758716,707012.4318181818,nan,nan,294258.0,nan,nan,0.0,nan,nan,243,243.0,243,1.5429843123177691
172.27.22.206,184.84.108.217,50828,443,TCP,9,6,3,33.333333333333336,0,1429848.25,99.33333333333333,0,0,175.1983003469053,0.5555555555555556,0.0006252411750687529,178731.03125,nan,nan,958.875,nan,nan,30694.444444444445,nan,nan,544,154.66666666666666,66,6.294374245658586
172.27.22.206,157.55.109.224,50829,443,TCP,14,11,3,21.428571428571427,0,1423602.5,70.07142857142857,0,0,152.2293684288446,0.7142857142857143,0.0006890968511224165,109507.88461538461,nan,nan,1089.0,nan,nan,23173.780612244904,nan,nan,603,124.92857142857143,66,9.834205826415731
172.27.22.206,131.253.61.66,50830,443,TCP,13,8,5,38.46153846153846,0,15160.0,616.1538461538462,0,0,1851.7134045376404,0.5384615384615384,0.5283641160949868,1263.3333333333333,nan,nan,860.5,nan,nan,3428842.532544379,nan,nan,7067,671.0769230769231,66,857.5197889182058
172.27.22.206,131.253.61.66,50831,443,TCP,13,8,5,38.46153846153846,0,13521.0,618.6153846153846,0,0,1851.1745383938362,0.5384615384615384,0.5947784927150359,1126.75,nan,nan,667.0,nan,nan,3426847.1715976326,nan,nan,7067,673.5384615384615,66,961.4673470897123
172.27.22.206,52.230.7.59,49673,443,TCP,8,5,3,37.5,0,5781647.0,46.0,0,0,73.32632542272931,0.625,6.364968321310519e-05,825949.5714285715,nan,nan,5601.0,nan,nan,5376.75,nan,nan,276,100.0,276,1.3836887655022867
172.27.22.206,131.253.61.66,50832,443,TCP,16,11,5,31.25,0,24148.25,374.625,0,0,1200.4811990926805,0.625,0.24821674448458997,1609.8833333333334,nan,nan,1116.0,nan,nan,1441155.109375,nan,nan,5051,429.375,66,662.5738925180914
172.27.22.206,52.175.18.194,50833,443,TCP,6,5,1,16.666666666666668,0,8508.75,33.833333333333336,0,0,74.88750822993705,0.6666666666666666,0.023857793447921258,1701.75,nan,nan,701.75,nan,nan,5608.1388888888905,nan,nan,257,89.83333333333333,66,705.1564565888057
172.27.22.206,23.102.228.220,50834,443,TCP,6,5,1,16.666666666666668,0,4757.0,34.333333333333336,0,0,76.00365488287754,0.6666666666666666,0.04330460374185411,951.4,nan,nan,640.0,nan,nan,5776.555555555556,nan,nan,260,90.33333333333333,66,1261.2991381122556
172.27.22.206,52.175.39.99,50835,443,TCP,12,7,5,41.666666666666664,0,12404.0,57.75,0,0,86.74879922319771,0.5,0.055869074492099324,1127.6363636363637,nan,nan,635.0,nan,nan,7525.354166666667,nan,nan,315,112.75,66,967.4298613350533
172.27.22.206,131.253.61.66,50836,443,TCP,13,8,5,38.46153846153846,0,33830.0,606.3076923076923,0,0,1817.7060841302216,0.5384615384615384,0.2329884717706178,2819.1666666666665,nan,nan,1228.125,nan,nan,3304055.408284024,nan,nan,6939,661.2307692307693,66,384.27431274017147
172.27.22.206,52.175.39.99,50837,443,TCP,12,7,5,41.666666666666664,0,14731.0,57.75,0,0,86.74879922319771,0.5,0.04704364944674496,1339.1818181818182,nan,nan,703.0,nan,nan,7525.354166666667,nan,nan,315,112.75,66,814.6086484284841
172.27.22.206,131.253.61.66,50838,443,TCP,11,6,5,45.45454545454545,0,30000.25,709.7272727272727,0,0,1957.9116340994933,0.45454545454545453,0.26023116474029384,3000.025,nan,nan,521.5,nan,nan,3833417.9669421483,nan,nan,6939,764.8181818181819,66,366.6636111365739
172.27.22.206,184.84.108.217,50839,80,TCP,55,21,34,61.81818181818182,0,3011739.25,543.3090909090909,0,0,629.2339889838771,0.36363636363636365,0.009921841673378597,55772.94907407407,nan,nan,1806.375,nan,nan,395935.41289256193,nan,nan,2698,597.5272727272727,66,18.261873102062207
172.27.22.206,207.46.155.185,50840,80,TCP,55,21,34,61.81818181818182,0,3006287.0,542.3818181818182,0,0,629.5265349306718,0.36363636363636365,0.009922871635342867,55671.98148148148,nan,nan,2383.25,nan,nan,396303.6581818183,nan,nan,2698,596.6,66,18.29499312607213
172.27.22.206,131.253.61.66,50841,443,TCP,13,8,5,38.46153846153846,0,38046.25,602.6153846153846,0,0,1795.9199320590164,0.5384615384615384,0.20590728389788743,3170.5208333333335,nan,nan,968.625,nan,nan,3225328.4023668626,nan,nan,6859,657.5384615384615,66,341.68939120149815
172.27.22.206,239.255.255.250,65090,1900,UDP,9,0,9,100.0,0,5472589.0,137.0,0,0,0.0,1.0,0.0002253046958213014,684073.625,nan,nan,2195.625,nan,nan,0.0,nan,nan,179,179.0,179,1.6445598235131489
172.27.22.206,23.35.36.223,50842,443,TCP,9,6,3,33.333333333333336,0,9642.0,64.22222222222223,0,0,94.02495072067143,0.5555555555555556,0.059946069280232314,1205.25,nan,nan,1077.875,nan,nan,8840.691358024691,nan,nan,286,119.55555555555556,66,933.4163036714375
172.27.22.206,117.18.232.200,50845,443,TCP,2213,2166,47,2.123813827383642,0,2962741.75,1.4225033890646182,0,0,10.575012414381497,0.9783099864437416,0.0010625293277755309,1339.3950045207957,nan,nan,1116.0,nan,nan,111.8308875643228,nan,nan,271,55.427925892453686,66,746.9432663174238
172.27.22.206,131.253.61.66,50846,443,TCP,6,5,1,16.666666666666668,0,3999.0,38.166666666666664,0,0,84.5624358421371,0.6666666666666666,0.05726431607901975,799.8,nan,nan,644.0,nan,nan,7150.805555555555,nan,nan,283,94.16666666666667,66,1500.3750937734433
172.27.22.206,52.175.39.99,50847,443,TCP,13,8,5,38.46153846153846,0,12031.0,40.0,0,0,61.14228240935116,0.5384615384615384,0.04322167733355498,1002.5833333333334,nan,nan,578.125,nan,nan,3738.378698224852,nan,nan,264,94.92307692307692,66,1080.5419333388745
172.27.22.206,184.84.108.217,50848,443,TCP,6,5,1,16.666666666666668,0,39184.75,58.833333333333336,0,0,130.7343574666668,0.6666666666666666,0.009008606664582523,7836.95,nan,nan,850.0,nan,nan,17091.472222222223,nan,nan,407,114.83333333333333,66,153.1207931657086
172.27.22.206,184.84.108.217,50849,443,TCP,12,9,3,25.0,0,1359715.25,66.08333333333333,0,0,139.4772731387527,0.6666666666666666,0.0005832103449600937,123610.47727272728,nan,nan,1086.75,nan,nan,19453.90972222223,nan,nan,544,121.08333333333333,66,8.825377225121215
172.27.22.206,157.55.109.224,50850,443,TCP,8,7,1,12.5,0,267481.25,27.25,0,0,71.63754253183173,0.75,0.0008150103979250882,38211.607142857145,nan,nan,1080.25,nan,nan,5131.9375,nan,nan,272,82.75,66,29.90863845596654
172.27.22.206,131.253.61.66,50851,443,TCP,14,9,5,35.714285714285715,0,14784.25,563.0,0,0,1758.5528083034174,0.5714285714285714,0.533134923990057,1137.25,nan,nan,694.75,nan,nan,3092507.9795918358,nan,nan,6939,617.8571428571429,66,946.9536838189289
172.27.22.206,131.253.61.66,50852,443,TCP,13,8,5,38.46153846153846,0,12765.25,608.7692307692307,0,0,1817.1704710098222,0.5384615384615384,0.6199643563580816,1063.7708333333333,nan,nan,667.75,nan,nan,3302108.5207100594,nan,nan,6939,663.6923076923077,66,1018.3897690997043
172.27.22.206,111.221.29.253,50853,443,TCP,12,7,5,41.666666666666664,0,9565.0,57.666666666666664,0,0,86.55473541188964,0.5,0.07234709879769995,869.5454545454545,nan,nan,383.0,nan,nan,7491.722222222223,nan,nan,314,112.66666666666667,66,1254.5739675901725
172.27.22.206,111.221.29.253,50854,443,TCP,12,7,5,41.666666666666664,0,10212.25,57.666666666666664,0,0,86.55473541188964,0.5,0.06776175671375065,928.3863636363636,nan,nan,386.0,nan,nan,7491.722222222223,nan,nan,314,112.66666666666667,66,1175.0593649783348
172.27.22.206,111.221.29.253,50855,443,TCP,12,7,5,41.666666666666664,0,10302.75,57.583333333333336,0,0,86.36112004574487,0.5,0.06706947174298124,936.6136363636364,nan,nan,428.0,nan,nan,7458.243055555556,nan,nan,313,112.58333333333333,66,1164.7375700662444
172.27.22.206,111.221.29.253,50856,443,TCP,12,7,5,41.666666666666664,0,9581.0,57.583333333333336,0,0,86.36112004574487,0.5,0.07212190794280346,871.0,nan,nan,430.0,nan,nan,7458.243055555556,nan,nan,313,112.58333333333333,66,1252.4788644191628
172.27.22.206,65.55.252.190,50857,443,TCP,11,6,5,45.45454545454545,0,9281.0,355.8181818181818,0,0,813.4411040463017,0.45454545454545453,0.42172179722012715,928.1,nan,nan,821.25,nan,nan,661686.4297520663,nan,nan,2962,422.54545454545456,74,1185.2171102251912
172.27.22.206,184.84.108.217,50858,443,TCP,9,6,3,33.333333333333336,0,90255.75,99.33333333333333,0,0,175.1983003469053,0.5555555555555556,0.009905186096176698,11281.96875,nan,nan,1154.125,nan,nan,30694.444444444445,nan,nan,544,154.66666666666666,66,99.7166385521144
172.27.22.206,157.55.109.224,50859,443,TCP,14,11,3,21.428571428571427,0,82826.0,67.78571428571429,0,0,150.2310635287509,0.7142857142857143,0.01145775481129114,6371.2307692307695,nan,nan,1088.25,nan,nan,22569.37244897959,nan,nan,603,122.64285714285714,66,169.0290488493951
172.27.22.206,131.253.61.66,50860,443,TCP,14,9,5,35.714285714285715,0,12982.25,569.8571428571429,0,0,1774.5261109285902,0.5714285714285714,0.6145313793833889,998.6346153846154,nan,nan,692.25,nan,nan,3148942.9183673477,nan,nan,7003,624.7142857142857,66,1078.3955015501936
172.27.22.206,131.253.61.66,50861,443,TCP,14,9,5,35.714285714285715,0,15606.25,559.5714285714286,0,0,1737.5580037301004,0.5714285714285714,0.5019783740488586,1200.4807692307693,nan,nan,693.0,nan,nan,3019107.8163265316,nan,nan,6859,614.4285714285714,66,897.0764917901482
172.27.22.206,111.221.29.174,50862,443,TCP,10,6,4,40.0,0,10253.25,310.5,0,0,579.9025866471023,0.5,0.30283080974325216,1139.25,nan,nan,688.75,nan,nan,336287.01000000007,nan,nan,1947,365.7,66,975.3005144710214
172.27.22.206,184.84.108.217,50863,443,TCP,6,5,1,16.666666666666668,0,4715.0,60.5,0,0,134.45910158854997,0.6666666666666666,0.07698833510074231,943.0,nan,nan,636.0,nan,nan,18079.25,nan,nan,417,116.5,66,1272.5344644750796
172.27.22.206,184.84.108.217,50864,443,TCP,12,9,3,25.0,0,49775.0,66.91666666666667,0,0,140.15970553463487,0.6666666666666666,0.01613259668508287,4525.0,nan,nan,688.25,nan,nan,19644.74305555556,nan,nan,544,121.91666666666667,66,241.08488196885986
172.27.22.206,40.77.224.11,50865,443,TCP,14,11,3,21.428571428571427,0,41642.0,70.78571428571429,0,0,152.93958057390654,0.7142857142857143,0.023798088468373276,3203.230769230769,nan,nan,690.0,nan,nan,23390.515306122452,nan,nan,603,125.64285714285714,66,336.1990298256568
172.27.22.206,111.221.29.254,50866,443,TCP,12,6,6,50.0,0,26133.25,532.1666666666666,0,0,930.0175476241773,0.4166666666666667,0.2443630241167861,2375.75,nan,nan,1064.0,nan,nan,864932.6388888889,nan,nan,3435,587.1666666666666,66,459.18513770770954
172.27.22.206,117.18.232.200,50867,443,TCP,22,17,5,22.727272727272727,0,123667.0,42.68181818181818,0,0,101.21935308040912,0.7272727272727273,0.007592971447516314,5888.9047619047615,nan,nan,993.0,nan,nan,10245.357438016528,nan,nan,447,97.22727272727273,66,177.89709461699564
172.27.22.206,40.74.131.199,50869,443,TCP,61,58,3,4.918032786885246,0,85273.25,14.704918032786885,0,0,70.92173125725051,0.9344262295081968,0.010519125282547575,1421.2208333333333,nan,nan,1082.75,nan,nan,5029.891964525664,nan,nan,539,68.90163934426229,66,715.3474272412509
172.27.22.206,40.74.131.199,50868,443,TCP,12,10,2,16.666666666666668,0,120877.0,34.333333333333336,0,0,76.46495202959908,0.75,0.0034084234387021517,10988.818181818182,nan,nan,1389.0,nan,nan,5846.888888888888,nan,nan,268,89.33333333333333,66,99.27446908841219
172.27.22.206,23.35.6.147,50870,443,TCP,10,7,3,30.0,0,49045.0,45.6,0,0,70.01257029991113,0.6,0.00929758385156489,5449.444444444444,nan,nan,1294.25,nan,nan,4901.759999999999,nan,nan,234,100.8,66,203.89438270975634
172.27.22.206,104.108.209.166,50871,80,TCP,6,5,1,16.666666666666668,0,48662.0,35.833333333333336,0,0,79.35241367189505,0.6666666666666666,0.0044182318852492705,9732.4,nan,nan,2126.0,nan,nan,6296.805555555556,nan,nan,269,91.83333333333333,66,123.29949447207267
172.27.22.206,13.107.3.128,50872,443,TCP,14,9,5,35.714285714285715,0,20323.0,56.92857142857143,0,0,103.96371521657281,0.5714285714285714,0.03921665108497761,1563.3076923076924,nan,nan,686.0,nan,nan,10808.454081632653,nan,nan,423,111.78571428571429,66,688.8746740146632
172.27.22.206,52.232.69.150,50873,443,TCP,12,8,4,33.333333333333336,0,18157.0,69.25,0,0,126.26105562154414,0.5833333333333334,0.045767472600099134,1650.6363636363637,nan,nan,642.0,nan,nan,15941.854166666666,nan,nan,485,124.25,66,660.9021314093739
172.27.22.206,104.25.218.21,50874,443,TCP,28,22,6,21.428571428571427,0,1473511.75,33.92857142857143,0,0,86.95984881612,0.75,0.0006447183064539526,54574.50925925926,nan,nan,1078.75,nan,nan,7562.015306122448,nan,nan,469,88.35714285714286,66,19.00222376916913
172.27.22.206,104.215.18.210,50875,443,TCP,6,5,1,16.666666666666668,0,53477.25,34.666666666666664,0,0,76.74778317464434,0.6666666666666666,0.003889504415428991,10695.45,nan,nan,1061.25,nan,nan,5890.222222222222,nan,nan,262,90.66666666666667,66,112.19724275275935
172.27.22.206,13.107.21.200,50876,443,TCP,14,10,4,28.571428571428573,0,675484.25,32.214285714285715,0,0,63.68613247315113,0.6428571428571429,0.0006676691573489686,51960.32692307692,nan,nan,1576.25,nan,nan,4055.9234693877556,nan,nan,287,87.07142857142857,66,20.725871846752902
172.27.22.206,13.107.21.200,50877,443,TCP,120,66,54,45.0,0,674861.0,154.225,0,0,444.2026595016439,0.5416666666666666,0.027423424971957187,5671.100840336135,nan,nan,1061.0,nan,nan,197316.00270833337,nan,nan,3870,208.325,66,177.8143943715817
172.27.22.206,204.79.197.200,50878,443,TCP,13,9,4,30.76923076923077,0,1458184.0,34.69230769230769,0,0,65.40117437376378,0.6153846153846154,0.0003092888140316997,121515.33333333333,nan,nan,1600.125,nan,nan,4277.313609467456,nan,nan,287,89.61538461538461,66,8.91519863062549
172.27.22.206,204.79.197.200,50879,443,TCP,23,14,9,39.130434782608695,0,1456215.75,239.6086956521739,0,0,584.7780927577368,0.5652173913043478,0.0037844666904612175,66191.625,nan,nan,941.125,nan,nan,341965.4177693762,nan,nan,2753,294.1304347826087,66,15.794362888878245
172.27.22.206,131.253.61.70,50880,443,TCP,14,9,5,35.714285714285715,0,29419.0,566.4285714285714,0,0,1770.8771203870142,0.5714285714285714,0.2695536897923111,2263.0,nan,nan,1079.0,nan,nan,3136005.7755102036,nan,nan,6987,621.2857142857143,66,475.88293279853156
172.27.22.206,104.25.218.21,50881,443,TCP,6,5,1,16.666666666666668,0,9777.25,64.66666666666667,0,0,143.7714235243646,0.6666666666666666,0.03968396021376154,1955.45,nan,nan,1266.75,nan,nan,20670.22222222222,nan,nan,442,120.66666666666667,66,613.6694878416732
172.27.22.206,104.25.218.21,50882,443,TCP,6,5,1,16.666666666666668,0,11904.75,64.66666666666667,0,0,143.7714235243646,0.6666666666666666,0.03259203259203259,2380.95,nan,nan,1051.75,nan,nan,20670.22222222222,nan,nan,442,120.66666666666667,66,504.000504000504
172.27.22.206,104.25.218.21,50883,443,TCP,15,10,5,33.333333333333336,0,1395141.0,43.06666666666667,0,0,73.56708201060823,0.6,0.00046303563582462276,99652.92857142857,nan,nan,1076.375,nan,nan,5412.115555555557,nan,nan,286,97.86666666666666,66,10.751601451036132
172.27.22.206,204.79.197.200,50884,443,TCP,13,9,4,30.76923076923077,0,1329767.25,33.92307692307692,0,0,63.09314988277394,0.6153846153846154,0.00033163698384059315,110813.9375,nan,nan,1907.0,nan,nan,3980.7455621301774,nan,nan,277,88.84615384615384,66,9.776146915935852
172.27.22.206,204.79.197.200,50885,443,TCP,14,9,5,35.714285714285715,0,1328383.0,45.92857142857143,0,0,74.49561690982573,0.5714285714285714,0.00048404714604146547,102183.30769230769,nan,nan,1251.0,nan,nan,5549.596938775512,nan,nan,277,100.78571428571429,66,10.53912915175819
172.27.22.206,131.253.61.70,50887,443,TCP,11,8,3,27.272727272727273,0,36590.25,528.5454545454545,0,0,1541.224322810648,0.6363636363636364,0.15889478754586261,3659.025,nan,nan,1672.625,nan,nan,2375372.4132231404,nan,nan,5451,583.6363636363636,66,300.6265330245079
172.27.22.206,131.253.61.70,50886,443,TCP,11,9,2,18.181818181818183,0,1260706.0,37.90909090909091,0,0,80.0102266190789,0.7272727272727273,0.0003307670464009848,126070.6,nan,nan,3224.625,nan,nan,6401.636363636364,nan,nan,268,93.0,66,8.72526980913869
172.27.22.206,13.107.21.200,50888,443,TCP,13,9,4,30.76923076923077,0,1245571.0,34.76923076923077,0,0,65.63346310602498,0.6153846153846154,0.0003628857768846577,103797.58333333333,nan,nan,1205.0,nan,nan,4307.751479289942,nan,nan,288,89.6923076923077,66,10.436980308629536
172.27.22.206,13.107.21.200,50889,443,TCP,14,9,5,35.714285714285715,0,1244949.0,84.85714285714286,0,0,191.12465213326408,0.5714285714285714,0.0009542559574729567,95765.30769230769,nan,nan,1248.0,nan,nan,36528.632653061206,nan,nan,790,139.71428571428572,66,11.245440576280634
172.27.22.206,172.217.161.10,50890,443,TCP,14,8,6,42.857142857142854,0,1273804.0,54.785714285714285,0,0,87.29801760378652,0.5,0.0006021334522422602,97984.92307692308,nan,nan,1924.0,nan,nan,7620.943877551021,nan,nan,348,109.64285714285714,66,10.990701866221176
172.27.22.206,157.240.16.35,50891,443,TCP,17,11,6,35.294117647058826,0,423638.0,119.41176470588235,0,0,271.3233110153752,0.5882352941176471,0.0047918269843592876,26477.375,nan,nan,1237.125,nan,nan,73616.33910034603,nan,nan,1150,174.11764705882354,66,40.1286003616295
172.27.22.206,157.240.16.20,50892,443,TCP,29,23,6,20.689655172413794,0,420661.0,28.0,0,0,65.43779211844257,0.7586206896551724,0.0019302954160238292,15023.607142857143,nan,nan,956.375,nan,nan,4282.104637336504,nan,nan,322,82.41379310344827,66,68.93912200085104
172.27.22.206,172.217.24.227,50893,443,TCP,60,49,11,18.333333333333332,0,1266281.25,19.516666666666666,0,0,50.807837868668344,0.8,0.0009247550652747957,21462.39406779661,nan,nan,1087.0,nan,nan,2581.4363888888893,nan,nan,339,73.71666666666667,66,47.38283852817058
172.27.22.206,172.217.24.238,50894,443,TCP,24,16,8,33.333333333333336,0,1266260.0,49.541666666666664,0,0,99.65209446145904,0.625,0.0009389856743480801,55054.782608695656,nan,nan,1088.0,nan,nan,9930.539930555555,nan,nan,455,104.04166666666667,66,18.953453477168985
172.27.22.206,35.186.165.146,50895,443,TCP,237,225,12,5.063291139240507,0,1235966.25,6.565400843881856,0,0,32.08888361690776,0.9451476793248945,0.0012589340526086372,5237.145127118644,nan,nan,1083.75,nan,nan,1029.6964517794513,nan,nan,361,60.61603375527426,66,191.75280878422043
172.27.22.206,35.186.165.146,50896,443,TCP,7,6,1,14.285714285714286,0,158903.25,55.285714285714285,0,0,134.78554394720103,0.7142857142857143,0.0024354442089762167,26483.875,nan,nan,1997.625,nan,nan,18167.14285714286,nan,nan,441,111.0,66,44.051962436262315
172.27.22.206,35.186.165.146,50897,443,TCP,6,5,1,16.666666666666668,0,158272.0,64.5,0,0,143.3989191033182,0.6666666666666666,0.0024451577031945008,31654.4,nan,nan,2264.0,nan,nan,20563.25,nan,nan,441,120.5,66,37.9094217549535
172.27.22.206,35.186.165.146,50898,443,TCP,14,9,5,35.714285714285715,0,892710.25,45.5,0,0,70.43396820818077,0.5714285714285714,0.0007135573944625369,68670.01923076923,nan,nan,715.0,nan,nan,4960.94387755102,nan,nan,249,100.35714285714286,66,15.682580098077736
172.27.22.206,104.215.18.210,50899,443,TCP,13,9,4,30.76923076923077,0,19148.75,710.1538461538462,0,0,2185.3536753556696,0.6153846153846154,0.4821202428356942,1595.7291666666667,nan,nan,697.5,nan,nan,4775770.686390533,nan,nan,8315,765.0769230769231,66,678.8954892617012
172.27.22.206,52.175.39.99,50900,443,TCP,12,6,6,50.0,0,11011.0,114.66666666666667,0,0,180.83894000524947,0.4166666666666667,0.12496594314776133,1001.0,nan,nan,1066.0,nan,nan,32702.72222222222,nan,nan,674,169.66666666666666,66,1089.8192716374535
172.27.22.206,13.107.21.200,50901,443,TCP,13,9,4,30.76923076923077,0,935731.0,34.69230769230769,0,0,65.40117437376378,0.6153846153846154,0.00048197612347993175,77977.58333333333,nan,nan,2203.25,nan,nan,4277.313609467456,nan,nan,287,89.61538461538461,66,13.892881608068986
172.27.22.206,13.107.21.200,50902,443,TCP,24,13,11,45.833333333333336,0,934870.0,132.91666666666666,0,0,279.08614510378135,0.5,0.0034122391348529743,40646.52173913043,nan,nan,1077.0,nan,nan,77889.07638888889,nan,nan,1107,187.41666666666666,66,25.672018569426765
172.27.22.206,172.217.24.227,50903,443,TCP,70,59,11,15.714285714285714,0,901568.0,16.97142857142857,0,0,47.888944657490256,0.8285714285714286,0.001317704266344857,13066.202898550724,nan,nan,1079.0,nan,nan,2293.3510204081645,nan,nan,339,71.14285714285714,66,77.64250727621211
172.27.22.206,104.20.111.39,50904,443,TCP,41,34,7,17.073170731707318,0,898072.0,21.70731707317073,0,0,59.329587896765304,0.8048780487804879,0.0009910118565103912,22451.8,nan,nan,1090.625,nan,nan,3520.0,nan,nan,352,76.0,66,45.653355187557345
172.27.22.206,172.217.161.14,50905,443,TCP,16,8,8,50.0,0,892855.5,74.0625,0,0,112.29994364980777,0.4375,0.0013272024420524933,59523.7,nan,nan,3484.0,nan,nan,12611.27734375,nan,nan,434,128.8125,66,17.92003297286067
172.27.22.206,172.217.161.10,50906,443,TCP,13,7,6,46.15384615384615,0,896293.75,61.53846153846154,0,0,96.00209563787608,0.46153846153846156,0.0008925645191657311,74691.14583333333,nan,nan,6503.375,nan,nan,9216.402366863906,nan,nan,381,116.46153846153847,66,14.50417343644313
172.27.22.206,151.101.0.134,50907,443,TCP,19,13,6,31.57894736842105,0,884063.75,240.94736842105263,0,0,435.01679529457897,0.631578947368421,0.005178359592280534,49114.65277777778,nan,nan,9340.0,nan,nan,189239.61218836563,nan,nan,1294,295.57894736842104,66,21.49166279015512
172.27.22.206,104.16.161.13,50908,443,TCP,15,9,6,40.0,0,876736.0,60.53333333333333,0,0,107.77486823105944,0.5333333333333333,0.0010356595371924958,62624.0,nan,nan,1442.0,nan,nan,11615.422222222225,nan,nan,460,115.33333333333333,66,17.108913059347397
172.27.22.206,172.217.160.232,50909,443,TCP,26,18,8,30.76923076923077,0,873674.75,71.07692307692308,0,0,187.11190209424265,0.6538461538461539,0.002115203626979033,34946.99,nan,nan,1086.0,nan,nan,35010.863905325445,nan,nan,938,125.53846153846153,66,29.75935838823315
172.27.22.206,157.240.16.35,50910,443,TCP,17,11,6,35.294117647058826,0,821245.0,79.94117647058823,0,0,151.4556588873342,0.5882352941176471,0.0016548045954617684,51327.8125,nan,nan,1483.5,nan,nan,22938.81660899654,nan,nan,619,134.64705882352942,66,20.70027823609276
172.27.22.206,151.101.36.64,50911,443,TCP,12,9,3,25.0,0,855139.75,115.08333333333333,0,0,294.8062805564962,0.6666666666666666,0.0016149407158303657,77739.97727272728,nan,nan,4174.0,nan,nan,86910.74305555555,nan,nan,1126,170.08333333333334,66,14.032794055006798
172.27.22.206,151.101.36.64,50912,443,TCP,20,12,8,40.0,0,860763.0,225.95,0,0,342.78746695292114,0.55,0.005249993319880152,45303.31578947369,nan,nan,1163.0,nan,nan,117503.24749999998,nan,nan,1070,280.55,66,23.235199468378635
172.27.22.206,104.108.215.118,50913,443,TCP,6,5,1,16.666666666666668,0,59785.0,34.166666666666664,0,0,75.63159980384448,0.6666666666666666,0.0034289537509408713,11957.0,nan,nan,1052.0,nan,nan,5720.138888888888,nan,nan,259,90.16666666666667,66,100.35962197875722
172.27.22.206,147.75.111.32,50914,443,TCP,6,5,1,16.666666666666668,0,87901.0,34.666666666666664,0,0,76.74778317464434,0.6666666666666666,0.0023662984493919297,17580.2,nan,nan,997.0,nan,nan,5890.222222222222,nan,nan,262,90.66666666666667,66,68.2586091170749
172.27.22.206,151.101.36.134,50915,443,TCP,22,18,4,18.181818181818183,0,831950.75,78.9090909090909,0,0,206.0731836624877,0.7727272727272727,0.002086661980892499,39616.70238095238,nan,nan,1472.0,nan,nan,42466.157024793385,nan,nan,794,133.45454545454547,66,26.44387302974365
172.27.22.206,151.101.36.134,50916,443,TCP,11,8,3,27.272727272727273,0,834373.75,90.54545454545455,0,0,198.44223923864996,0.6363636363636364,0.0011937096534976083,83437.375,nan,nan,4029.875,nan,nan,39379.32231404959,nan,nan,739,145.63636363636363,66,13.183540349873184
172.27.22.206,35.154.46.219,50917,443,TCP,17,12,5,29.41176470588235,0,420827.75,129.41176470588235,0,0,235.0141128060038,0.6470588235294118,0.0052277921311035215,26301.734375,nan,nan,5144.75,nan,nan,55231.633217993076,nan,nan,709,184.11764705882354,66,40.39657555852721
172.27.22.206,35.154.46.219,50918,443,TCP,40,34,6,15.0,0,820865.0,71.0,0,0,189.3078445284294,0.825,0.0034597650039896936,21047.82051282051,nan,nan,1084.75,nan,nan,35837.46,nan,nan,705,125.3,66,48.729084563235126
172.27.22.206,35.154.46.219,50919,443,TCP,20,13,7,35.0,0,816789.5,174.3,0,0,268.3573922961691,0.6,0.004267929497134819,42988.92105263158,nan,nan,10287.75,nan,nan,72015.69000000002,nan,nan,704,228.9,66,24.486113007084445
172.27.22.206,35.154.46.219,50920,443,TCP,25,18,7,28.0,0,419267.75,135.12,0,0,242.03421245766063,0.68,0.008056903971268957,17469.489583333332,nan,nan,2425.5,nan,nan,58580.56,nan,nan,710,189.6,66,59.627767697372384
172.27.22.206,35.154.46.219,50921,443,TCP,29,25,4,13.793103448275861,0,419256.25,53.689655172413794,0,0,158.382850174786,0.8275862068965517,0.003713719234954756,14973.4375,nan,nan,1082.625,nan,nan,25085.12722948871,nan,nan,681,108.10344827586206,66,69.1701077801464
172.27.22.206,35.154.46.219,50922,443,TCP,6,5,1,16.666666666666668,0,49636.0,68.33333333333333,0,0,151.96673612632762,0.6666666666666666,0.008260133773873801,9927.2,nan,nan,1052.0,nan,nan,23093.88888888889,nan,nan,464,124.33333333333333,66,120.88000644693368
172.27.22.206,35.154.46.219,50923,443,TCP,9,7,2,22.22222222222222,0,570544.25,58.44444444444444,0,0,126.42940742457189,0.6666666666666666,0.0009219267392494096,71318.03125,nan,nan,3964.625,nan,nan,15984.395061728395,nan,nan,454,113.77777777777777,66,15.774411888297884
172.27.22.206,35.154.46.219,50924,443,TCP,13,10,3,23.076923076923077,0,569251.75,63.76923076923077,0,0,128.12937248997423,0.6923076923076923,0.0014562976749742096,47437.645833333336,nan,nan,1976.875,nan,nan,16417.136094674563,nan,nan,454,118.6923076923077,66,22.836996109366375
172.27.22.206,104.215.18.210,50925,443,TCP,13,9,4,30.76923076923077,0,42705.0,680.6153846153846,0,0,2074.2750954484395,0.6153846153846154,0.20718885376419624,3558.75,nan,nan,887.625,nan,nan,4302617.171597633,nan,nan,7899,735.5384615384615,66,304.41400304414003
172.27.22.206,104.16.77.166,50926,443,TCP,130,115,15,11.538461538461538,0,562021.0,15.03076923076923,0,0,54.3539702583007,0.8769230769230769,0.003476738413689168,4356.751937984496,nan,nan,1081.0,nan,nan,2954.354082840237,nan,nan,548,69.12307692307692,66,231.3080827940593
172.27.22.206,104.215.18.210,50927,443,TCP,13,9,4,30.76923076923077,0,19923.0,596.9230769230769,0,0,1785.3898021334528,0.6153846153846154,0.3894995733574261,1660.25,nan,nan,671.5,nan,nan,3187616.7455621297,nan,nan,6811,651.8461538461538,66,652.5121718616674
172.27.22.206,151.101.36.64,50928,443,TCP,11,7,4,36.36363636363637,0,409487.0,188.1818181818182,0,0,312.79679459793675,0.5454545454545454,0.005055105534485832,40948.7,nan,nan,4349.125,nan,nan,97841.83471074383,nan,nan,891,243.27272727272728,66,26.862879651857078
172.27.22.206,151.101.36.64,50929,443,TCP,7,5,2,28.571428571428573,0,409919.0,65.28571428571429,0,0,139.46735409099458,0.5714285714285714,0.0011148543980640077,68319.83333333333,nan,nan,2621.5,nan,nan,19451.14285714286,nan,nan,460,121.0,66,17.076544390477142
172.27.22.206,151.101.36.64,50930,443,TCP,7,5,2,28.571428571428573,0,394780.75,65.28571428571429,0,0,139.46735409099458,0.5714285714285714,0.0011576045691184284,65796.79166666667,nan,nan,4045.375,nan,nan,19451.14285714286,nan,nan,460,121.0,66,17.731361014943104
172.27.22.206,13.228.187.7,50931,443,TCP,15,12,3,20.0,0,344912.0,79.26666666666667,0,0,215.521836996213,0.7333333333333333,0.003447256111703855,24636.571428571428,nan,nan,1398.625,nan,nan,46449.66222222221,nan,nan,911,134.06666666666666,66,43.48935380618825
172.27.22.206,182.50.136.239,50932,80,TCP,6,5,1,16.666666666666668,0,375851.25,38.0,0,0,84.19026071939675,0.6666666666666666,0.0006066229658674809,75170.25,nan,nan,1053.5,nan,nan,7088.0,nan,nan,282,94.0,66,15.963762259670547
172.27.22.206,157.240.16.20,50933,443,TCP,41,36,5,12.195121951219512,0,302308.25,22.024390243902438,0,0,77.22991933321022,0.8536585365853658,0.0029870173903623204,7557.70625,nan,nan,1081.5,nan,nan,5964.460440214159,nan,nan,497,76.3170731707317,66,135.6231594738152
172.27.22.206,172.217.161.14,50934,443,TCP,32,24,8,25.0,0,343289.0,38.09375,0,0,103.35613775164734,0.71875,0.003550943956841029,11073.838709677419,nan,nan,1088.75,nan,nan,10682.4912109375,nan,nan,603,92.59375,70,93.21592011395646
172.27.22.206,157.240.16.20,50935,443,TCP,20,15,5,25.0,0,257859.0,48.85,0,0,119.68353061302962,0.7,0.0037888923791684604,13571.526315789473,nan,nan,1073.5,nan,nan,14324.147499999997,nan,nan,570,103.45,66,77.56176825319264
172.27.22.206,157.240.16.20,50936,443,TCP,11,7,4,36.36363636363637,0,259272.0,41.90909090909091,0,0,66.60193827373331,0.5454545454545454,0.0017780554784164893,25927.2,nan,nan,1064.625,nan,nan,4435.818181818182,nan,nan,264,97.0,66,42.42648646980777
172.27.22.206,172.217.161.13,50937,443,TCP,12,8,4,33.333333333333336,0,235497.0,35.5,0,0,61.29369189946602,0.5833333333333334,0.001808940241276959,21408.81818181818,nan,nan,1146.0,nan,nan,3756.9166666666665,nan,nan,262,90.5,66,50.95606313456222
172.27.22.206,172.217.161.13,50938,443,TCP,19,11,8,42.10526315789474,0,233820.0,67.21052631578948,0,0,132.87479787889555,0.5263157894736842,0.005461466085022667,12990.0,nan,nan,1585.5,nan,nan,17655.711911357343,nan,nan,620,121.84210526315789,66,81.25908818749465
172.27.22.206,172.217.161.3,50939,443,TCP,21,15,6,28.571428571428573,0,231179.0,34.57142857142857,0,0,69.75008838655313,0.6666666666666666,0.0031404236543976743,11558.95,nan,nan,737.0,nan,nan,4865.074829931974,nan,nan,312,89.14285714285714,66,90.83870074704018
172.27.22.206,104.108.215.118,50940,443,TCP,11,8,3,27.272727272727273,0,204058.0,118.45454545454545,0,0,277.26369582906705,0.6363636363636364,0.006385439433886444,20405.8,nan,nan,1307.375,nan,nan,76875.15702479341,nan,nan,1026,173.54545454545453,66,53.9062423428633
172.27.22.206,147.75.111.32,50941,443,TCP,14,9,5,35.714285714285715,0,149659.25,150.5,0,0,419.47886157245443,0.5714285714285714,0.014078648663547359,11512.25,nan,nan,711.25,nan,nan,175962.5153061224,nan,nan,1702,205.35714285714286,66,93.54583829599574
172.27.22.206,107.178.254.65,50942,443,TCP,12,8,4,33.333333333333336,0,186867.0,34.75,0,0,59.2102538980088,0.5833333333333334,0.002231533657628153,16987.909090909092,nan,nan,1437.0,nan,nan,3505.8541666666665,nan,nan,253,89.75,66,64.21679590296843
172.27.22.206,107.178.254.65,50943,443,TCP,16,10,6,37.5,0,186241.75,69.4375,0,0,158.23369534884154,0.5625,0.005965364908781194,12416.116666666667,nan,nan,2047.0,nan,nan,25037.90234375,nan,nan,702,124.1875,66,85.9098456710163
172.27.22.206,52.76.153.125,50944,443,TCP,15,12,3,20.0,0,194093.0,80.06666666666666,0,0,218.81281701236992,0.7333333333333333,0.006187755354391967,13863.785714285714,nan,nan,736.0,nan,nan,47879.04888888889,nan,nan,925,134.86666666666667,66,77.28253981338842
172.27.22.206,35.162.50.238,50945,443,TCP,13,11,2,15.384615384615385,0,164893.25,25.384615384615383,0,0,61.167342487492846,0.7692307692307693,0.0020012947770754715,13741.104166666666,nan,nan,2225.625,nan,nan,3741.4437869822473,nan,nan,258,80.3076923076923,66,78.83888515751858
172.27.22.206,35.162.50.238,50946,443,TCP,15,12,3,20.0,0,163101.0,92.53333333333333,0,0,264.1127705272041,0.7333333333333333,0.00851006431597599,11650.07142857143,nan,nan,1050.625,nan,nan,69755.55555555556,nan,nan,1112,147.33333333333334,66,91.96755384700278
172.27.22.206,34.204.127.79,50947,443,TCP,17,13,4,23.529411764705884,0,154513.25,81.52941176470588,0,0,172.01864789874816,0.7058823529411765,0.008970104505600653,9657.078125,nan,nan,2002.625,nan,nan,29590.415224913493,nan,nan,604,136.23529411764707,66,110.02292683637164
172.27.22.206,139.61.74.125,50948,443,TCP,6,5,1,16.666666666666668,0,32079.75,33.5,0,0,74.1434420565973,0.6666666666666666,0.0062656348631145815,6415.95,nan,nan,1064.0,nan,nan,5497.25,nan,nan,255,89.5,66,187.03387651088303
172.27.22.206,151.101.36.134,50949,443,TCP,11,8,3,27.272727272727273,0,152324.0,155.36363636363637,0,0,400.5975907966323,0.6363636363636364,0.01121950579028912,15232.4,nan,nan,1985.375,nan,nan,160478.42975206606,nan,nan,1462,210.45454545454547,66,72.21449016569943
172.27.22.206,54.194.182.138,50950,443,TCP,6,5,1,16.666666666666668,0,11527.0,34.166666666666664,0,0,75.63159980384448,0.6666666666666666,0.017784332436887307,2305.4,nan,nan,635.0,nan,nan,5720.138888888888,nan,nan,259,90.16666666666667,66,520.517046933287
172.27.22.206,139.61.74.125,50951,443,TCP,14,11,3,21.428571428571427,0,119912.75,73.71428571428571,0,0,152.8270330825549,0.7142857142857143,0.00860625746636617,9224.057692307691,nan,nan,698.75,nan,nan,23356.102040816324,nan,nan,567,128.57142857142858,66,116.75155477628526
172.27.22.206,54.194.182.138,50952,443,TCP,17,13,4,23.529411764705884,0,115491.75,81.23529411764706,0,0,170.6649523234255,0.7058823529411765,0.01195756406842913,7218.234375,nan,nan,3426.5,nan,nan,29126.525951557094,nan,nan,579,135.94117647058823,66,147.19666123337814
172.27.22.206,104.20.135.5,50953,443,TCP,6,5,1,16.666666666666668,0,18760.0,34.166666666666664,0,0,75.63159980384448,0.6666666666666666,0.010927505330490405,3752.0,nan,nan,638.0,nan,nan,5720.138888888888,nan,nan,259,90.16666666666667,66,319.8294243070362
172.27.22.206,104.20.135.5,50954,443,TCP,12,7,5,41.666666666666664,0,77561.75,68.5,0,0,115.85515382004664,0.5,0.010598007394108565,7051.068181818182,nan,nan,636.75,nan,nan,13422.416666666666,nan,nan,453,123.5,66,154.715436410344
172.27.22.206,104.20.135.5,50955,443,TCP,13,8,5,38.46153846153846,0,73648.75,63.23076923076923,0,0,112.84014980619274,0.5384615384615384,0.01116108555813914,6137.395833333333,nan,nan,659.5,nan,nan,12732.89940828402,nan,nan,453,118.15384615384616,66,176.51351855937813
172.27.22.206,204.79.197.200,50956,443,TCP,32,16,16,50.0,0,75724.25,121.3125,0,0,223.571638057581,0.46875,0.0512649514521438,2442.717741935484,nan,nan,806.0,nan,nan,49984.27734375,nan,nan,847,175.6875,66,422.58589553544607
172.27.22.206,204.79.197.200,50957,443,TCP,13,9,4,30.76923076923077,0,58266.0,34.69230769230769,0,0,65.40117437376378,0.6153846153846154,0.007740363162049909,4855.5,nan,nan,1237.5,nan,nan,4277.313609467456,nan,nan,287,89.61538461538461,66,223.11468094600625
172.27.22.206,204.79.197.200,50958,443,TCP,15,8,7,46.666666666666664,0,63816.75,117.73333333333333,0,0,219.9835953479764,0.4666666666666667,0.027672985540630007,4558.339285714285,nan,nan,968.75,nan,nan,48392.78222222223,nan,nan,847,172.53333333333333,66,235.04800855574751
172.27.22.206,204.79.197.200,50959,443,TCP,13,9,4,30.76923076923077,0,65608.25,34.69230769230769,0,0,65.40117437376378,0.6153846153846154,0.006874135493630755,5467.354166666667,nan,nan,1852.5,nan,nan,4277.313609467456,nan,nan,287,89.61538461538461,66,198.14581245498852
172.27.22.206,184.84.108.217,50960,443,TCP,6,5,1,16.666666666666668,0,4966.0,60.5,0,0,134.45910158854997,0.6666666666666666,0.07309706000805477,993.2,nan,nan,638.25,nan,nan,18079.25,nan,nan,417,116.5,66,1208.2158679017318
172.27.22.206,184.84.108.217,50961,443,TCP,12,9,3,25.0,0,55500.0,66.91666666666667,0,0,140.15970553463487,0.6666666666666666,0.014468468468468469,5045.454545454545,nan,nan,688.75,nan,nan,19644.74305555556,nan,nan,544,121.91666666666667,66,216.21621621621622
172.27.22.206,157.55.109.232,50962,443,TCP,14,11,3,21.428571428571427,0,46777.0,70.78571428571429,0,0,152.93958057390654,0.7142857142857143,0.021185625414199286,3598.230769230769,nan,nan,692.75,nan,nan,23390.515306122452,nan,nan,603,125.64285714285714,66,299.29238728434916
172.27.22.206,111.221.29.254,50963,443,TCP,16,6,10,62.5,0,28405.0,1228.375,0,0,1728.2631409524997,0.3125,0.6919204365428622,1893.6666666666667,nan,nan,637.0,nan,nan,2986893.484375,nan,nan,4235,1283.125,66,563.2811124801972
172.27.22.206,204.79.197.200,50964,443,TCP,7,6,1,14.285714285714286,0,9076.0,33.285714285714285,0,0,80.93913056824157,0.7142857142857143,0.025672102247686207,1512.6666666666667,nan,nan,1399.0,nan,nan,6551.142857142857,nan,nan,287,89.0,66,771.2648743940061
172.27.22.206,204.79.197.200,50965,443,TCP,6,5,1,16.666666666666668,0,8453.25,38.833333333333336,0,0,86.05117986149612,0.6666666666666666,0.027563363203501612,1690.65,nan,nan,1251.25,nan,nan,7404.805555555556,nan,nan,287,94.83333333333333,66,709.7861769142046
172.27.22.206,204.79.197.200,50966,443,TCP,7,6,1,14.285714285714286,0,9174.0,28.714285714285715,0,0,69.75847545609912,0.7142857142857143,0.021909744931327666,1529.0,nan,nan,1475.625,nan,nan,4866.244897959184,nan,nan,255,84.42857142857143,66,763.025942882058
172.27.22.206,204.79.197.200,50967,443,TCP,7,6,1,14.285714285714286,0,9158.25,28.714285714285715,0,0,69.75847545609912,0.7142857142857143,0.021947424453361723,1526.375,nan,nan,1232.375,nan,nan,4866.244897959184,nan,nan,255,84.42857142857143,66,764.338165042448
172.27.22.206,204.79.197.200,50968,443,TCP,6,5,1,16.666666666666668,0,9169.0,33.5,0,0,74.1434420565973,0.6666666666666666,0.02192169266005017,1833.8,nan,nan,1268.0,nan,nan,5497.25,nan,nan,255,89.5,66,654.3788853746319
172.27.22.206,204.79.197.200,50969,443,TCP,7,6,1,14.285714285714286,0,8546.75,28.714285714285715,0,0,69.75847545609912,0.7142857142857143,0.023517711410770175,1424.4583333333333,nan,nan,1503.75,nan,nan,4866.244897959184,nan,nan,255,84.42857142857143,66,819.0247754994589
172.27.22.206,204.79.197.200,50970,443,TCP,7,6,1,14.285714285714286,0,8896.25,28.714285714285715,0,0,69.75847545609912,0.7142857142857143,0.022593789518055362,1482.7083333333333,nan,nan,1405.0,nan,nan,4866.244897959184,nan,nan,255,84.42857142857143,66,786.8483911760574
172.27.22.206,204.79.197.200,50971,443,TCP,6,5,1,16.666666666666668,0,8878.0,33.5,0,0,74.1434420565973,0.6666666666666666,0.022640234287001577,1775.6,nan,nan,1254.0,nan,nan,5497.25,nan,nan,255,89.5,66,675.8278891642261
172.27.22.206,172.27.27.172,33332,33317,UDP,68,0,68,100.0,0,2116254.0,119.47058823529412,0,0,76.89363749940091,0.11764705882352941,0.0038388586625234967,31585.880597014926,nan,nan,1091.0,nan,nan,5912.631487889274,nan,nan,439,161.47058823529412,439,32.13224877543055
172.27.22.206,23.35.6.147,50972,443,TCP,7,5,2,28.571428571428573,0,7494.0,71.14285714285714,0,0,117.4191862777223,0.5714285714285714,0.06645316253002402,1249.0,nan,nan,843.5,nan,nan,13787.26530612245,nan,nan,372,126.85714285714286,66,934.0805978115826
172.27.22.206,172.27.27.172,33312,33317,UDP,64,0,64,100.0,0,2086238.0,120.921875,0,0,68.74484178092473,0.109375,0.0037095479997967633,33114.88888888889,nan,nan,1158.0,nan,nan,4725.853271484375,nan,nan,389,162.921875,389,30.677228580823474
172.27.22.206,172.27.16.1,68,67,UDP,2,0,2,100.0,0,1439777.0,315.0,0,0,0.0,1.0,0.0004375677622298453,1439777.0,nan,nan,1439777.0,nan,nan,0.0,nan,nan,357,357.0,357,1.389104007078874
172.27.22.206,40.74.131.199,50974,443,TCP,6,5,1,16.666666666666668,0,8170.0,38.333333333333336,0,0,84.93461537493938,0.6666666666666666,0.028151774785801713,1634.0,nan,nan,1057.75,nan,nan,7213.8888888888905,nan,nan,284,94.33333333333333,66,734.3941248470012
172.27.22.206,40.74.131.199,50973,443,TCP,6,5,1,16.666666666666668,0,9213.0,38.333333333333336,0,0,84.93461537493938,0.6666666666666666,0.024964723759904484,1842.6,nan,nan,1244.0,nan,nan,7213.8888888888905,nan,nan,284,94.33333333333333,66,651.253663301856
172.27.22.206,204.79.197.200,50975,443,TCP,6,5,1,16.666666666666668,0,9171.0,33.5,0,0,74.1434420565973,0.6666666666666666,0.02191691200523389,1834.2,nan,nan,1295.0,nan,nan,5497.25,nan,nan,255,89.5,66,654.2361792607131
172.27.22.206,204.79.197.200,50976,443,TCP,7,6,1,14.285714285714286,0,8177.75,28.714285714285715,0,0,69.75847545609912,0.7142857142857143,0.024578887835896183,1362.9583333333333,nan,nan,1563.875,nan,nan,4866.244897959184,nan,nan,255,84.42857142857143,66,855.9811684142949
172.27.22.206,204.79.197.200,50978,443,TCP,7,6,1,14.285714285714286,0,9048.0,28.714285714285715,0,0,69.75847545609912,0.7142857142857143,0.022214854111405835,1508.0,nan,nan,1750.625,nan,nan,4866.244897959184,nan,nan,255,84.42857142857143,66,773.6516357206012
172.27.22.206,204.79.197.200,50977,443,TCP,6,5,1,16.666666666666668,0,7664.25,33.5,0,0,74.1434420565973,0.6666666666666666,0.026225658087875525,1532.85,nan,nan,952.0,nan,nan,5497.25,nan,nan,255,89.5,66,782.8554653097171
172.27.22.206,204.79.197.200,50980,443,TCP,6,5,1,16.666666666666668,0,9291.0,33.5,0,0,74.1434420565973,0.6666666666666666,0.021633839199225055,1858.2,nan,nan,1853.0,nan,nan,5497.25,nan,nan,255,89.5,66,645.7862447529868
172.27.22.206,204.79.197.200,50979,443,TCP,7,6,1,14.285714285714286,0,8401.75,28.714285714285715,0,0,69.75847545609912,0.7142857142857143,0.023923587347873955,1400.2916666666667,nan,nan,1296.5,nan,nan,4866.244897959184,nan,nan,255,84.42857142857143,66,833.1597583836701
172.27.22.206,204.79.197.200,50982,443,TCP,7,6,1,14.285714285714286,0,9151.0,28.714285714285715,0,0,69.75847545609912,0.7142857142857143,0.021964812588788112,1525.1666666666667,nan,nan,1405.0,nan,nan,4866.244897959184,nan,nan,255,84.42857142857143,66,764.9437219975958
172.27.22.206,204.79.197.200,50981,443,TCP,7,6,1,14.285714285714286,0,9135.0,28.714285714285715,0,0,69.75847545609912,0.7142857142857143,0.02200328407224959,1522.5,nan,nan,1161.125,nan,nan,4866.244897959184,nan,nan,255,84.42857142857143,66,766.2835249042146
172.27.22.206,204.79.197.200,50983,443,TCP,7,6,1,14.285714285714286,0,9178.75,28.714285714285715,0,0,69.75847545609912,0.7142857142857143,0.0218984066457851,1529.7916666666667,nan,nan,1245.5,nan,nan,4866.244897959184,nan,nan,255,84.42857142857143,66,762.6310772163965
172.27.22.206,204.79.197.200,50984,443,TCP,6,5,1,16.666666666666668,0,7501.0,33.5,0,0,74.1434420565973,0.6666666666666666,0.026796427143047592,1500.2,nan,nan,1056.0,nan,nan,5497.25,nan,nan,255,89.5,66,799.8933475536595
172.27.22.206,104.108.209.166,50985,80,TCP,6,5,1,16.666666666666668,0,21210.25,35.833333333333336,0,0,79.35241367189505,0.6666666666666666,0.01013660847939086,4242.05,nan,nan,1063.25,nan,nan,6296.805555555556,nan,nan,269,91.83333333333333,66,282.8820970992798
172.27.22.206,52.230.80.159,50986,443,TCP,8,7,1,12.5,0,9948.0,22.25,0,0,57.43637784540387,0.5,0.017893043827905106,1421.142857142857,nan,nan,1288.75,nan,nan,3298.9375,nan,nan,232,80.75,66,804.1817450743869
172.27.22.206,52.230.80.159,50987,443,TCP,6,5,1,16.666666666666668,0,4575.25,29.666666666666668,0,0,65.58878630443536,0.6666666666666666,0.038904977870061745,915.05,nan,nan,639.0,nan,nan,4301.888888888888,nan,nan,232,85.66666666666667,66,1311.4037484290475
172.27.22.206,111.221.29.254,50988,443,TCP,11,6,5,45.45454545454545,0,49764.0,601.9090909090909,0,0,1195.6690025405708,0.45454545454545453,0.13304798649626237,4976.4,nan,nan,868.875,nan,nan,1429624.3636363635,nan,nan,4235,657.0,66,221.04332449160034
172.27.22.206,52.230.80.159,50989,443,TCP,6,5,1,16.666666666666668,0,3818.0,29.666666666666668,0,0,65.58878630443536,0.6666666666666666,0.046621267679413304,763.6,nan,nan,631.0,nan,nan,4301.888888888888,nan,nan,232,85.66666666666667,66,1571.503404924044
172.27.22.206,52.230.80.159,50990,443,TCP,6,5,1,16.666666666666668,0,4897.75,29.666666666666668,0,0,65.58878630443536,0.6666666666666666,0.03634321882497065,979.55,nan,nan,633.0,nan,nan,4301.888888888888,nan,nan,232,85.66666666666667,66,1225.052319942831
172.27.22.206,52.230.80.159,50991,443,TCP,6,5,1,16.666666666666668,0,3804.25,29.666666666666668,0,0,65.58878630443536,0.6666666666666666,0.04678977459420385,760.85,nan,nan,631.25,nan,nan,4301.888888888888,nan,nan,232,85.66666666666667,66,1577.1834132877702
172.27.22.206,52.230.85.180,50992,443,TCP,6,5,1,16.666666666666668,0,3805.0,29.666666666666668,0,0,65.58878630443536,0.6666666666666666,0.04678055190538765,761.0,nan,nan,643.0,nan,nan,4301.888888888888,nan,nan,232,85.66666666666667,66,1576.8725361366623
172.27.22.206,111.221.29.253,50993,443,TCP,7,5,2,28.571428571428573,0,4950.0,76.0,0,0,122.35045015471428,0.5714285714285714,0.10747474747474747,825.0,nan,nan,844.5,nan,nan,14969.632653061222,nan,nan,372,131.71428571428572,66,1414.141414141414
172.27.22.206,111.221.29.253,50994,443,TCP,13,6,7,53.84615384615385,0,11129.0,131.0,0,0,182.70592661788993,0.38461538461538464,0.1530236319525564,927.4166666666666,nan,nan,841.0,nan,nan,33381.45562130178,nan,nan,682,185.92307692307693,66,1168.1193278821097
172.27.22.206,204.79.197.213,50995,443,TCP,12,8,4,33.333333333333336,0,33178.0,131.91666666666666,0,0,346.6574818494795,0.5833333333333334,0.04771233950207969,3016.181818181818,nan,nan,695.0,nan,nan,120171.4097222222,nan,nan,1322,186.91666666666666,66,361.6854542166496
172.27.22.206,40.79.48.16,50996,443,TCP,6,5,1,16.666666666666668,0,4885.0,35.0,0,0,77.4919350642375,0.6666666666666666,0.042988741044012284,977.0,nan,nan,643.0,nan,nan,6005.0,nan,nan,264,91.0,66,1228.2497441146365
172.27.22.206,52.230.85.180,50997,443,TCP,6,5,1,16.666666666666668,0,3814.0,29.666666666666668,0,0,65.58878630443536,0.6666666666666666,0.046670162558993186,762.8,nan,nan,643.0,nan,nan,4301.888888888888,nan,nan,232,85.66666666666667,66,1573.1515469323544
172.27.22.206,204.79.197.213,50998,443,TCP,7,6,1,14.285714285714286,0,5072.75,31.857142857142858,0,0,77.4446477775434,0.7142857142857143,0.04396037652161057,845.4583333333334,nan,nan,666.75,nan,nan,5997.673469387756,nan,nan,277,87.57142857142857,66,1379.9221329653542
172.27.22.206,204.79.197.213,50999,443,TCP,12,8,4,33.333333333333336,0,83211.0,157.41666666666666,0,0,430.3642756110482,0.5833333333333334,0.022701325545901384,7564.636363636364,nan,nan,1073.75,nan,nan,185213.40972222225,nan,nan,1628,212.41666666666666,66,144.21170277968056
172.27.22.206,204.79.197.213,51000,443,TCP,7,6,1,14.285714285714286,0,5346.0,25.857142857142858,0,0,62.77364584158624,0.7142857142857143,0.03385708941264497,891.0,nan,nan,662.75,nan,nan,3940.5306122448974,nan,nan,235,81.57142857142857,66,1309.3901982790871
172.27.22.206,204.79.197.213,51001,443,TCP,7,6,1,14.285714285714286,0,4905.25,25.857142857142858,0,0,62.77364584158624,0.7142857142857143,0.03689924060955099,817.5416666666666,nan,nan,661.125,nan,nan,3940.5306122448974,nan,nan,235,81.57142857142857,66,1427.0424545130218
172.27.22.206,52.114.32.7,51002,443,TCP,6,5,1,16.666666666666668,0,8080.25,37.166666666666664,0,0,82.32945334987285,0.6666666666666666,0.027598155997648588,1616.05,nan,nan,1296.75,nan,nan,6778.13888888889,nan,nan,277,93.16666666666667,66,742.5512824479441
172.27.22.206,52.114.32.7,51003,443,TCP,6,5,1,16.666666666666668,0,6416.0,37.166666666666664,0,0,82.32945334987285,0.6666666666666666,0.034756857855361596,1283.2,nan,nan,1369.75,nan,nan,6778.13888888889,nan,nan,277,93.16666666666667,66,935.1620947630922
172.27.22.206,52.114.32.7,51004,443,TCP,17,11,6,35.294117647058826,0,1453832.0,346.88235294117646,0,0,725.1274175110865,0.5882352941176471,0.004056177054845402,90864.5,nan,nan,949.0,nan,nan,525809.7716262976,nan,nan,2875,401.5882352941176,66,11.69323553202846
172.27.22.206,131.253.61.102,51005,443,TCP,14,9,5,35.714285714285715,0,14046.0,565.2857142857143,0,0,1766.768958019245,0.5714285714285714,0.5634344297308842,1080.4615384615386,nan,nan,709.0,nan,nan,3121472.5510204085,nan,nan,6971,620.1428571428571,66,996.7250462765201
172.27.22.206,52.230.80.159,51006,443,TCP,6,5,1,16.666666666666668,0,3821.0,29.666666666666668,0,0,65.58878630443536,0.6666666666666666,0.046584663700601936,764.2,nan,nan,647.0,nan,nan,4301.888888888888,nan,nan,232,85.66666666666667,66,1570.2695629416382
172.27.22.206,204.79.197.200,51008,443,TCP,6,5,1,16.666666666666668,0,9142.25,33.5,0,0,74.1434420565973,0.6666666666666666,0.02198583499685526,1828.45,nan,nan,1266.25,nan,nan,5497.25,nan,nan,255,89.5,66,656.2935819956793
172.27.22.206,204.79.197.200,51007,443,TCP,7,6,1,14.285714285714286,0,8002.0,28.714285714285715,0,0,69.75847545609912,0.7142857142857143,0.02511872031992002,1333.6666666666667,nan,nan,1487.5,nan,nan,4866.244897959184,nan,nan,255,84.42857142857143,66,874.7813046738315
172.27.22.206,204.79.197.200,51009,443,TCP,7,6,1,14.285714285714286,0,9001.0,28.714285714285715,0,0,69.75847545609912,0.7142857142857143,0.022330852127541385,1500.1666666666667,nan,nan,1506.5,nan,nan,4866.244897959184,nan,nan,255,84.42857142857143,66,777.6913676258193
172.27.22.206,204.79.197.200,51010,443,TCP,7,6,1,14.285714285714286,0,8980.25,28.714285714285715,0,0,69.75847545609912,0.7142857142857143,0.02238245037721667,1496.7083333333333,nan,nan,964.5,nan,nan,4866.244897959184,nan,nan,255,84.42857142857143,66,779.4883215946104
172.27.22.206,52.230.84.0,51011,443,TCP,6,5,1,16.666666666666668,0,5197.0,29.666666666666668,0,0,65.58878630443536,0.6666666666666666,0.03425052915143352,1039.4,nan,nan,640.75,nan,nan,4301.888888888888,nan,nan,232,85.66666666666667,66,1154.5122185876467
172.27.22.206,204.79.197.213,51012,443,TCP,7,6,1,14.285714285714286,0,4931.0,25.857142857142858,0,0,62.77364584158624,0.7142857142857143,0.03670655039545731,821.8333333333334,nan,nan,667.625,nan,nan,3940.5306122448974,nan,nan,235,81.57142857142857,66,1419.590346785642
172.27.22.206,204.79.197.213,51013,443,TCP,7,6,1,14.285714285714286,0,5066.0,25.857142857142858,0,0,62.77364584158624,0.7142857142857143,0.03572838531385709,844.3333333333334,nan,nan,731.375,nan,nan,3940.5306122448974,nan,nan,235,81.57142857142857,66,1381.760757994473
172.27.22.206,204.79.197.213,51014,443,TCP,7,6,1,14.285714285714286,0,4930.75,25.857142857142858,0,0,62.77364584158624,0.7142857142857143,0.03670841149926482,821.7916666666666,nan,nan,697.0,nan,nan,3940.5306122448974,nan,nan,235,81.57142857142857,66,1419.6623231759875
172.27.22.206,52.230.80.159,51015,443,TCP,6,5,1,16.666666666666668,0,4793.25,29.666666666666668,0,0,65.58878630443536,0.6666666666666666,0.03713555520784437,958.65,nan,nan,649.25,nan,nan,4301.888888888888,nan,nan,232,85.66666666666667,66,1251.7602879048661
172.27.22.206,131.253.61.100,51016,443,TCP,13,8,5,38.46153846153846,0,13540.25,608.7692307692307,0,0,1826.207561908448,0.5384615384615384,0.5844796070973579,1128.3541666666667,nan,nan,666.875,nan,nan,3335034.059171598,nan,nan,6971,663.6923076923077,66,960.1004412769336
172.27.22.206,131.253.61.100,51017,443,TCP,13,8,5,38.46153846153846,0,12950.0,613.6923076923077,0,0,1834.1720218990258,0.5384615384615384,0.616061776061776,1079.1666666666667,nan,nan,691.875,nan,nan,3364187.005917161,nan,nan,7003,668.6153846153846,66,1003.8610038610038
172.27.22.206,52.114.32.7,51018,443,TCP,13,9,4,30.76923076923077,0,38342.25,181.76923076923077,0,0,371.71626578416056,0.6153846153846154,0.06162914278635187,3195.1875,nan,nan,729.125,nan,nan,138172.9822485207,nan,nan,1403,236.69230769230768,66,339.05156843951517
172.27.22.206,52.230.80.159,51019,443,TCP,6,5,1,16.666666666666668,0,3825.75,29.666666666666668,0,0,65.58878630443536,0.6666666666666666,0.046526824805593676,765.15,nan,nan,639.0,nan,nan,4301.888888888888,nan,nan,232,85.66666666666667,66,1568.3199372672025
172.27.22.206,204.79.197.213,51020,443,TCP,7,6,1,14.285714285714286,0,5059.0,25.857142857142858,0,0,62.77364584158624,0.7142857142857143,0.03577782170389405,843.1666666666666,nan,nan,664.625,nan,nan,3940.5306122448974,nan,nan,235,81.57142857142857,66,1383.672662581538
172.27.22.206,204.79.197.213,51021,443,TCP,7,6,1,14.285714285714286,0,4914.75,25.857142857142858,0,0,62.77364584158624,0.7142857142857143,0.03682791596724147,819.125,nan,nan,690.625,nan,nan,3940.5306122448974,nan,nan,235,81.57142857142857,66,1424.2840429319904
172.27.22.206,204.79.197.213,51022,443,TCP,7,6,1,14.285714285714286,0,5054.0,25.857142857142858,0,0,62.77364584158624,0.7142857142857143,0.03581321725366047,842.3333333333334,nan,nan,691.0,nan,nan,3940.5306122448974,nan,nan,235,81.57142857142857,66,1385.0415512465374
172.27.22.206,52.230.84.0,51023,443,TCP,6,5,1,16.666666666666668,0,4224.0,29.666666666666668,0,0,65.58878630443536,0.6666666666666666,0.04214015151515151,844.8,nan,nan,637.0,nan,nan,4301.888888888888,nan,nan,232,85.66666666666667,66,1420.4545454545455
172.27.22.206,52.175.39.99,51024,443,TCP,7,5,2,28.571428571428573,0,5146.0,76.0,0,0,122.35045015471428,0.5714285714285714,0.10338126700349787,857.6666666666666,nan,nan,854.125,nan,nan,14969.632653061222,nan,nan,372,131.71428571428572,66,1360.279828993393
172.27.22.206,204.79.197.213,51025,443,TCP,7,6,1,14.285714285714286,0,4938.0,25.857142857142858,0,0,62.77364584158624,0.7142857142857143,0.03665451599837991,823.0,nan,nan,688.5,nan,nan,3940.5306122448974,nan,nan,235,81.57142857142857,66,1417.5779667881734
172.27.22.206,204.79.197.213,51026,443,TCP,7,6,1,14.285714285714286,0,6042.0,25.857142857142858,0,0,62.77364584158624,0.7142857142857143,0.02995696789142668,1007.0,nan,nan,694.375,nan,nan,3940.5306122448974,nan,nan,235,81.57142857142857,66,1158.5567692816949
172.27.22.206,204.79.197.213,51027,443,TCP,7,6,1,14.285714285714286,0,4940.0,25.857142857142858,0,0,62.77364584158624,0.7142857142857143,0.036639676113360324,823.3333333333334,nan,nan,667.375,nan,nan,3940.5306122448974,nan,nan,235,81.57142857142857,66,1417.004048582996
172.27.22.206,111.221.29.254,51028,443,TCP,12,6,6,50.0,0,44715.0,516.1666666666666,0,0,888.059667039452,0.4166666666666667,0.13852174885385218,4065.0,nan,nan,1065.25,nan,nan,788649.9722222225,nan,nan,3275,571.1666666666666,66,268.3663200268366
172.27.22.206,52.230.83.250,51029,443,TCP,6,5,1,16.666666666666668,0,3998.0,29.666666666666668,0,0,65.58878630443536,0.6666666666666666,0.04452226113056528,799.6,nan,nan,645.0,nan,nan,4301.888888888888,nan,nan,232,85.66666666666667,66,1500.7503751875938
172.27.22.206,117.18.232.200,51030,443,TCP,20,15,5,25.0,0,15963.75,46.8,0,0,104.83577633613443,0.7,0.058632840028188866,840.1973684210526,nan,nan,696.5,nan,nan,10990.540000000003,nan,nan,447,101.4,66,1252.8384621407877
172.27.22.206,52.230.83.250,51112,443,TCP,6,5,1,16.666666666666668,0,3824.0,29.666666666666668,0,0,65.58878630443536,0.6666666666666666,0.04654811715481171,764.8,nan,nan,638.0,nan,nan,4301.888888888888,nan,nan,232,85.66666666666667,66,1569.0376569037658
172.27.22.206,52.230.83.250,51113,443,TCP,6,5,1,16.666666666666668,0,3954.25,29.666666666666668,0,0,65.58878630443536,0.6666666666666666,0.045014857431877095,790.85,nan,nan,630.75,nan,nan,4301.888888888888,nan,nan,232,85.66666666666667,66,1517.3547448947336
172.27.22.206,52.230.84.0,51114,443,TCP,6,5,1,16.666666666666668,0,4877.75,29.666666666666668,0,0,65.58878630443536,0.6666666666666666,0.0364922351494029,975.55,nan,nan,672.75,nan,nan,4301.888888888888,nan,nan,232,85.66666666666667,66,1230.0753421147044
172.27.22.206,204.79.197.213,51115,443,TCP,7,6,1,14.285714285714286,0,5253.75,25.857142857142858,0,0,62.77364584158624,0.7142857142857143,0.0344515822031882,875.625,nan,nan,697.875,nan,nan,3940.5306122448974,nan,nan,235,81.57142857142857,66,1332.3816321674994
172.27.22.206,204.79.197.213,51116,443,TCP,7,6,1,14.285714285714286,0,5076.75,25.857142857142858,0,0,62.77364584158624,0.7142857142857143,0.03565273058551238,846.125,nan,nan,726.0,nan,nan,3940.5306122448974,nan,nan,235,81.57142857142857,66,1378.8348845225785
172.27.22.206,204.79.197.213,51117,443,TCP,7,6,1,14.285714285714286,0,5516.0,25.857142857142858,0,0,62.77364584158624,0.7142857142857143,0.03281363306744017,919.3333333333334,nan,nan,869.5,nan,nan,3940.5306122448974,nan,nan,235,81.57142857142857,66,1269.0355329949239
172.27.22.206,52.230.84.0,51118,443,TCP,6,5,1,16.666666666666668,0,4671.75,29.666666666666668,0,0,65.58878630443536,0.6666666666666666,0.038101353882378126,934.35,nan,nan,802.75,nan,nan,4301.888888888888,nan,nan,232,85.66666666666667,66,1284.3152994060042
172.27.22.206,52.230.84.0,51119,443,TCP,6,5,1,16.666666666666668,0,4031.0,29.666666666666668,0,0,65.58878630443536,0.6666666666666666,0.044157777226494666,806.2,nan,nan,685.0,nan,nan,4301.888888888888,nan,nan,232,85.66666666666667,66,1488.4644008930786
172.27.22.206,52.230.84.0,51120,443,TCP,6,5,1,16.666666666666668,0,3864.0,29.666666666666668,0,0,65.58878630443536,0.6666666666666666,0.04606625258799172,772.8,nan,nan,637.0,nan,nan,4301.888888888888,nan,nan,232,85.66666666666667,66,1552.7950310559006
172.27.22.206,52.230.84.0,51121,443,TCP,6,5,1,16.666666666666668,0,3966.0,29.666666666666668,0,0,65.58878630443536,0.6666666666666666,0.0448814926878467,793.2,nan,nan,635.0,nan,nan,4301.888888888888,nan,nan,232,85.66666666666667,66,1512.8593040847202
172.27.22.206,104.108.209.166,51122,80,TCP,6,5,1,16.666666666666668,0,53762.75,35.833333333333336,0,0,79.35241367189505,0.6666666666666666,0.003999051387810333,10752.55,nan,nan,1056.75,nan,nan,6296.805555555556,nan,nan,269,91.83333333333333,66,111.60143407842791
172.27.22.206,52.230.84.0,51123,443,TCP,6,5,1,16.666666666666668,0,4825.0,29.666666666666668,0,0,65.58878630443536,0.6666666666666666,0.03689119170984456,965.0,nan,nan,645.0,nan,nan,4301.888888888888,nan,nan,232,85.66666666666667,66,1243.5233160621763
172.27.22.206,52.230.84.0,51124,443,TCP,6,5,1,16.666666666666668,0,3834.0,29.666666666666668,0,0,65.58878630443536,0.6666666666666666,0.046426708398539386,766.8,nan,nan,634.0,nan,nan,4301.888888888888,nan,nan,232,85.66666666666667,66,1564.9452269170579
172.27.22.206,52.230.84.0,51125,443,TCP,6,5,1,16.666666666666668,0,3831.25,29.666666666666668,0,0,65.58878630443536,0.6666666666666666,0.04646003262642741,766.25,nan,nan,638.0,nan,nan,4301.888888888888,nan,nan,232,85.66666666666667,66,1566.068515497553
172.27.22.206,52.230.85.180,51126,443,TCP,6,5,1,16.666666666666668,0,4922.75,29.666666666666668,0,0,65.58878630443536,0.6666666666666666,0.03615865116042862,984.55,nan,nan,635.0,nan,nan,4301.888888888888,nan,nan,232,85.66666666666667,66,1218.830937991976
172.27.22.206,52.230.85.180,51127,443,TCP,6,5,1,16.666666666666668,0,4783.0,29.666666666666668,0,0,65.58878630443536,0.6666666666666666,0.037215136943341,956.6,nan,nan,644.75,nan,nan,4301.888888888888,nan,nan,232,85.66666666666667,66,1254.4428183148652
172.27.22.206,204.79.197.213,51128,443,TCP,7,6,1,14.285714285714286,0,4926.25,25.857142857142858,0,0,62.77364584158624,0.7142857142857143,0.036741943669119516,821.0416666666666,nan,nan,666.25,nan,nan,3940.5306122448974,nan,nan,235,81.57142857142857,66,1420.9591474245115
172.27.22.206,204.79.197.213,51129,443,TCP,7,6,1,14.285714285714286,0,4908.25,25.857142857142858,0,0,62.77364584158624,0.7142857142857143,0.03687668721030917,818.0416666666666,nan,nan,660.75,nan,nan,3940.5306122448974,nan,nan,235,81.57142857142857,66,1426.1702236031172
172.27.22.206,204.79.197.213,51130,443,TCP,7,6,1,14.285714285714286,0,5067.5,25.857142857142858,0,0,62.77364584158624,0.7142857142857143,0.035717809570794276,844.5833333333334,nan,nan,691.75,nan,nan,3940.5306122448974,nan,nan,235,81.57142857142857,66,1381.3517513566846
172.27.22.206,111.221.29.253,51131,443,TCP,12,7,5,41.666666666666664,0,9582.0,101.0,0,0,213.5325892379584,0.5,0.12648716343143393,871.0909090909091,nan,nan,395.25,nan,nan,45596.166666666664,nan,nan,834,156.0,66,1252.3481527864747
172.27.22.206,52.230.3.194,51132,443,TCP,6,5,1,16.666666666666668,0,4137.25,29.666666666666668,0,0,65.58878630443536,0.6666666666666666,0.04302374765846879,827.45,nan,nan,930.0,nan,nan,4301.888888888888,nan,nan,232,85.66666666666667,66,1450.2386851169256
172.27.22.206,52.230.3.194,51133,443,TCP,6,5,1,16.666666666666668,0,3960.25,29.666666666666668,0,0,65.58878630443536,0.6666666666666666,0.04494665740799192,792.05,nan,nan,638.25,nan,nan,4301.888888888888,nan,nan,232,85.66666666666667,66,1515.0558676851208
172.27.22.206,52.230.83.250,51134,443,TCP,6,5,1,16.666666666666668,0,5146.75,29.666666666666668,0,0,65.58878630443536,0.6666666666666666,0.03458493223879147,1029.35,nan,nan,640.0,nan,nan,4301.888888888888,nan,nan,232,85.66666666666667,66,1165.7842327682517
172.27.22.206,204.79.197.213,51135,443,TCP,7,6,1,14.285714285714286,0,5435.75,25.857142857142858,0,0,62.77364584158624,0.7142857142857143,0.03329807294301614,905.9583333333334,nan,nan,850.0,nan,nan,3940.5306122448974,nan,nan,235,81.57142857142857,66,1287.7707768017292
172.27.22.206,204.79.197.213,51136,443,TCP,7,6,1,14.285714285714286,0,4919.0,25.857142857142858,0,0,62.77364584158624,0.7142857142857143,0.0367960967676357,819.8333333333334,nan,nan,661.375,nan,nan,3940.5306122448974,nan,nan,235,81.57142857142857,66,1423.053466151657
172.27.22.206,204.79.197.213,51137,443,TCP,7,6,1,14.285714285714286,0,4928.25,25.857142857142858,0,0,62.77364584158624,0.7142857142857143,0.036727032922436974,821.375,nan,nan,666.875,nan,nan,3940.5306122448974,nan,nan,235,81.57142857142857,66,1420.382488713032
172.27.22.206,111.221.29.254,51138,443,TCP,14,6,8,57.142857142857146,0,24947.5,719.7142857142857,0,0,1080.1366788041037,0.35714285714285715,0.4038881651468083,1919.0384615384614,nan,nan,1151.0,nan,nan,1166695.2448979593,nan,nan,3883,774.5714285714286,66,561.1784747970738
172.27.22.206,52.230.84.217,51139,443,TCP,6,5,1,16.666666666666668,0,5270.75,29.666666666666668,0,0,65.58878630443536,0.6666666666666666,0.033771284921500735,1054.15,nan,nan,757.75,nan,nan,4301.888888888888,nan,nan,232,85.66666666666667,66,1138.357918702272
172.27.22.206,204.79.197.213,51140,443,TCP,7,6,1,14.285714285714286,0,4919.0,25.857142857142858,0,0,62.77364584158624,0.7142857142857143,0.0367960967676357,819.8333333333334,nan,nan,664.5,nan,nan,3940.5306122448974,nan,nan,235,81.57142857142857,66,1423.053466151657
172.27.22.206,204.79.197.213,51141,443,TCP,7,6,1,14.285714285714286,0,5068.25,25.857142857142858,0,0,62.77364584158624,0.7142857142857143,0.0357125240467617,844.7083333333334,nan,nan,665.5,nan,nan,3940.5306122448974,nan,nan,235,81.57142857142857,66,1381.1473388250383
172.27.22.206,204.79.197.213,51142,443,TCP,7,6,1,14.285714285714286,0,4944.0,25.857142857142858,0,0,62.77364584158624,0.7142857142857143,0.03661003236245955,824.0,nan,nan,679.5,nan,nan,3940.5306122448974,nan,nan,235,81.57142857142857,66,1415.8576051779935
172.27.22.206,52.230.84.217,51143,443,TCP,6,5,1,16.666666666666668,0,4873.0,29.666666666666668,0,0,65.58878630443536,0.6666666666666666,0.03652780627949928,974.6,nan,nan,643.25,nan,nan,4301.888888888888,nan,nan,232,85.66666666666667,66,1231.274368971886
172.27.22.206,204.79.197.213,51144,443,TCP,7,6,1,14.285714285714286,0,4924.75,25.857142857142858,0,0,62.77364584158624,0.7142857142857143,0.03675313467688715,820.7916666666666,nan,nan,664.5,nan,nan,3940.5306122448974,nan,nan,235,81.57142857142857,66,1421.3919488298898
172.27.22.206,204.79.197.213,51145,443,TCP,7,6,1,14.285714285714286,0,5057.0,25.857142857142858,0,0,62.77364584158624,0.7142857142857143,0.03579197152461934,842.8333333333334,nan,nan,666.375,nan,nan,3940.5306122448974,nan,nan,235,81.57142857142857,66,1384.2198932173226
172.27.22.206,204.79.197.213,51146,443,TCP,7,6,1,14.285714285714286,0,4912.25,25.857142857142858,0,0,62.77364584158624,0.7142857142857143,0.036846658863046465,818.7083333333334,nan,nan,665.25,nan,nan,3940.5306122448974,nan,nan,235,81.57142857142857,66,1425.0089063056644
172.27.22.206,52.230.7.59,51147,443,TCP,6,5,1,16.666666666666668,0,4755.0,29.666666666666668,0,0,65.58878630443536,0.6666666666666666,0.03743427970557308,951.0,nan,nan,642.0,nan,nan,4301.888888888888,nan,nan,232,85.66666666666667,66,1261.8296529968454
172.27.22.206,52.187.76.158,51148,443,TCP,6,5,1,16.666666666666668,0,8099.75,33.0,0,0,73.02739212103907,0.6666666666666666,0.024445198925892773,1619.95,nan,nan,1273.0,nan,nan,5333.0,nan,nan,252,89.0,66,740.7636038149326
172.27.22.206,52.187.76.158,51149,443,TCP,6,5,1,16.666666666666668,0,7100.0,33.0,0,0,73.02739212103907,0.6666666666666666,0.027887323943661974,1420.0,nan,nan,1379.0,nan,nan,5333.0,nan,nan,252,89.0,66,845.0704225352113
172.27.22.206,204.79.197.213,51150,443,TCP,7,6,1,14.285714285714286,0,6024.5,25.857142857142858,0,0,62.77364584158624,0.7142857142857143,0.030043987052867458,1004.0833333333334,nan,nan,914.25,nan,nan,3940.5306122448974,nan,nan,235,81.57142857142857,66,1161.9221512158686
172.27.22.206,204.79.197.213,51151,443,TCP,7,6,1,14.285714285714286,0,4936.0,25.857142857142858,0,0,62.77364584158624,0.7142857142857143,0.03666936790923825,822.6666666666666,nan,nan,663.5,nan,nan,3940.5306122448974,nan,nan,235,81.57142857142857,66,1418.1523500810372
172.27.22.206,204.79.197.213,51152,443,TCP,7,6,1,14.285714285714286,0,5090.0,25.857142857142858,0,0,62.77364584158624,0.7142857142857143,0.03555992141453831,848.3333333333334,nan,nan,673.5,nan,nan,3940.5306122448974,nan,nan,235,81.57142857142857,66,1375.24557956778
172.27.22.206,52.230.7.59,51153,443,TCP,6,5,1,16.666666666666668,0,4798.0,29.666666666666668,0,0,65.58878630443536,0.6666666666666666,0.037098791162984576,959.6,nan,nan,644.0,nan,nan,4301.888888888888,nan,nan,232,85.66666666666667,66,1250.5210504376823
172.27.22.206,52.230.80.159,51154,443,TCP,6,5,1,16.666666666666668,0,3851.0,29.666666666666668,0,0,65.58878630443536,0.6666666666666666,0.0462217605816671,770.2,nan,nan,643.0,nan,nan,4301.888888888888,nan,nan,232,85.66666666666667,66,1558.0368735393404
172.27.22.206,204.79.197.213,51155,443,TCP,7,6,1,14.285714285714286,0,4932.75,25.857142857142858,0,0,62.77364584158624,0.7142857142857143,0.03669352795094014,822.125,nan,nan,690.0,nan,nan,3940.5306122448974,nan,nan,235,81.57142857142857,66,1419.0867163347018
172.27.22.206,204.79.197.213,51156,443,TCP,7,6,1,14.285714285714286,0,4943.0,25.857142857142858,0,0,62.77364584158624,0.7142857142857143,0.036617438802346754,823.8333333333334,nan,nan,672.0,nan,nan,3940.5306122448974,nan,nan,235,81.57142857142857,66,1416.1440420797087
172.27.22.206,204.79.197.213,51157,443,TCP,7,6,1,14.285714285714286,0,4952.0,25.857142857142858,0,0,62.77364584158624,0.7142857142857143,0.036550888529886916,825.3333333333334,nan,nan,694.875,nan,nan,3940.5306122448974,nan,nan,235,81.57142857142857,66,1413.5702746365105
172.27.22.206,52.175.39.99,51158,443,TCP,15,7,8,53.333333333333336,0,13061.75,128.06666666666666,0,0,173.72463523890008,0.4,0.14707064520450935,932.9821428571429,nan,nan,875.875,nan,nan,30180.248888888887,nan,nan,674,182.86666666666667,66,1148.3912951939824
172.27.22.206,204.79.197.213,51159,443,TCP,12,8,4,33.333333333333336,0,45695.25,131.91666666666666,0,0,346.6574818494795,0.5833333333333334,0.034642550374491876,4154.113636363636,nan,nan,694.0,nan,nan,120171.4097222222,nan,nan,1322,186.91666666666666,66,262.60935217555436
172.27.22.206,52.239.177.68,51160,443,TCP,6,5,1,16.666666666666668,0,3853.0,35.0,0,0,77.4919350642375,0.6666666666666666,0.054502984687256686,770.6,nan,nan,639.75,nan,nan,6005.0,nan,nan,264,91.0,66,1557.2281339216195
172.27.22.206,204.79.197.213,51161,443,TCP,7,6,1,14.285714285714286,0,4961.0,25.857142857142858,0,0,62.77364584158624,0.7142857142857143,0.03648457972183028,826.8333333333334,nan,nan,699.5,nan,nan,3940.5306122448974,nan,nan,235,81.57142857142857,66,1411.005845595646
172.27.22.206,204.79.197.213,51162,443,TCP,7,6,1,14.285714285714286,0,5084.0,25.857142857142858,0,0,62.77364584158624,0.7142857142857143,0.03560188827694728,847.3333333333334,nan,nan,762.375,nan,nan,3940.5306122448974,nan,nan,235,81.57142857142857,66,1376.8686073957513
172.27.22.206,204.79.197.213,51163,443,TCP,7,6,1,14.285714285714286,0,4953.0,25.857142857142858,0,0,62.77364584158624,0.7142857142857143,0.03654350898445387,825.5,nan,nan,668.5,nan,nan,3940.5306122448974,nan,nan,235,81.57142857142857,66,1413.284877851807
172.27.22.206,52.230.84.217,51164,443,TCP,6,5,1,16.666666666666668,0,3970.25,29.666666666666668,0,0,65.58878630443536,0.6666666666666666,0.044833448775266044,794.05,nan,nan,639.0,nan,nan,4301.888888888888,nan,nan,232,85.66666666666667,66,1511.2398463572822
172.27.22.206,131.253.61.68,51165,443,TCP,13,8,5,38.46153846153846,0,12665.25,608.7692307692307,0,0,1826.207561908448,0.5384615384615384,0.6248593592704447,1055.4375,nan,nan,700.125,nan,nan,3335034.059171598,nan,nan,6971,663.6923076923077,66,1026.4305876315113
172.27.22.206,204.79.197.213,51166,443,TCP,7,6,1,14.285714285714286,0,5447.75,25.857142857142858,0,0,62.77364584158624,0.7142857142857143,0.0332247258042311,907.9583333333334,nan,nan,875.0,nan,nan,3940.5306122448974,nan,nan,235,81.57142857142857,66,1284.9341471249597
172.27.22.206,204.79.197.213,51167,443,TCP,12,8,4,33.333333333333336,0,55939.25,158.16666666666666,0,0,424.36969600678236,0.5833333333333334,0.03392966477026417,5085.386363636364,nan,nan,1092.0,nan,nan,180089.63888888888,nan,nan,1605,213.16666666666666,66,214.51842847374607
172.27.22.206,204.79.197.213,51168,443,TCP,7,6,1,14.285714285714286,0,5208.0,25.857142857142858,0,0,62.77364584158624,0.7142857142857143,0.0347542242703533,868.0,nan,nan,662.875,nan,nan,3940.5306122448974,nan,nan,235,81.57142857142857,66,1344.0860215053763
172.27.22.206,204.79.197.213,51169,443,TCP,7,6,1,14.285714285714286,0,4921.75,25.857142857142858,0,0,62.77364584158624,0.7142857142857143,0.03677553715649921,820.2916666666666,nan,nan,659.875,nan,nan,3940.5306122448974,nan,nan,235,81.57142857142857,66,1422.2583430690304
172.27.22.206,52.114.32.7,51170,443,TCP,13,9,4,30.76923076923077,0,48569.0,194.3846153846154,0,0,412.7231116183164,0.6153846153846154,0.05202907204183738,4047.4166666666665,nan,nan,1443.125,nan,nan,170340.36686390528,nan,nan,1563,249.30769230769232,66,267.6604418456217
172.27.22.206,52.114.32.7,51171,443,TCP,14,10,4,28.571428571428573,0,49312.25,275.35714285714283,0,0,727.7007998357791,0.6428571428571429,0.07817530126895447,3793.25,nan,nan,1034.0,nan,nan,529548.4540816327,nan,nan,2891,330.2142857142857,66,283.9051148548282
172.27.22.206,111.221.29.254,51172,443,TCP,10,6,4,40.0,0,38913.0,199.2,0,0,308.20324462925436,0.5,0.05119111864929458,4323.666666666667,nan,nan,1065.0,nan,nan,94989.24000000002,nan,nan,875,254.4,66,256.9835273558965
172.27.22.206,52.230.3.194,51173,443,TCP,6,5,1,16.666666666666668,0,4847.25,29.666666666666668,0,0,65.58878630443536,0.6666666666666666,0.036721852596833256,969.45,nan,nan,697.25,nan,nan,4301.888888888888,nan,nan,232,85.66666666666667,66,1237.8152560730312
172.27.22.206,131.253.61.64,51174,443,TCP,13,8,5,38.46153846153846,0,12250.25,608.7692307692307,0,0,1826.207561908448,0.5384615384615384,0.646027632089141,1020.8541666666666,nan,nan,740.75,nan,nan,3335034.059171598,nan,nan,6971,663.6923076923077,66,1061.202832595253
172.27.22.206,204.79.197.213,51175,443,TCP,7,6,1,14.285714285714286,0,5463.25,25.857142857142858,0,0,62.77364584158624,0.7142857142857143,0.03313046263670892,910.5416666666666,nan,nan,674.0,nan,nan,3940.5306122448974,nan,nan,235,81.57142857142857,66,1281.288610259461
172.27.22.206,204.79.197.213,51176,443,TCP,7,6,1,14.285714285714286,0,4918.75,25.857142857142858,0,0,62.77364584158624,0.7142857142857143,0.036797966963151206,819.7916666666666,nan,nan,664.75,nan,nan,3940.5306122448974,nan,nan,235,81.57142857142857,66,1423.125794155019
172.27.22.206,204.79.197.213,51177,443,TCP,7,6,1,14.285714285714286,0,5208.75,25.857142857142858,0,0,62.77364584158624,0.7142857142857143,0.03474922006239501,868.125,nan,nan,688.0,nan,nan,3940.5306122448974,nan,nan,235,81.57142857142857,66,1343.892488600912
172.27.22.206,52.230.84.217,51178,443,TCP,6,5,1,16.666666666666668,0,4784.75,29.666666666666668,0,0,65.58878630443536,0.6666666666666666,0.037201525680547576,956.95,nan,nan,638.75,nan,nan,4301.888888888888,nan,nan,232,85.66666666666667,66,1253.9840117038507
172.27.22.206,204.79.197.213,51179,443,TCP,7,6,1,14.285714285714286,0,5092.75,25.857142857142858,0,0,62.77364584158624,0.7142857142857143,0.035540719650483533,848.7916666666666,nan,nan,667.0,nan,nan,3940.5306122448974,nan,nan,235,81.57142857142857,66,1374.5029699082029
172.27.22.206,204.79.197.213,51180,443,TCP,7,6,1,14.285714285714286,0,5241.0,25.857142857142858,0,0,62.77364584158624,0.7142857142857143,0.03453539400877695,873.5,nan,nan,664.25,nan,nan,3940.5306122448974,nan,nan,235,81.57142857142857,66,1335.6229727151308
172.27.22.206,204.79.197.213,51181,443,TCP,7,6,1,14.285714285714286,0,5370.0,25.857142857142858,0,0,62.77364584158624,0.7142857142857143,0.03370577281191806,895.0,nan,nan,816.375,nan,nan,3940.5306122448974,nan,nan,235,81.57142857142857,66,1303.538175046555
172.27.22.206,117.18.232.200,51182,443,TCP,21,16,5,23.80952380952381,0,38553.0,44.57142857142857,0,0,102.80600580672305,0.7142857142857143,0.02427826628277955,1927.65,nan,nan,947.25,nan,nan,10569.074829931975,nan,nan,447,99.14285714285714,66,544.7046922418489
