average_packet_length,average_packet_ps,average_payload,average_payload_receive,average_payload_sent,avg_inter_times,dport,dst_ip,first_packet_length,freq_packet_length,label,max_packet_size,med_inter_times,null_pkts,payload_per_sec,percent_of_sml_pkts,protocol,ratio_incoming_outgoing,small_pkts,sport,src_ip,stddev_packet_length,total_duration,total_pkts,var_packet_size
114.0,4.177784699490206,72.0,0.0,0.0,269281.46875,21963.0,186.50.139.76,114.0,1.0,Botnet,114.0,264059.125,0.0,0.0003008004983632948,100.0,1.0,0.0,9.0,15931.0,10.0.2.15,0.0,2154251.75,9.0,0.0
150.89473684210526,8.014572179500686,108.89473684210526,0.0,0.0,131704.54166666666,12054.0,186.18.3.72,114.0,0.47368421052631576,Botnet,283.0,87498.25,0.0,0.0008727447283887852,100.0,1.0,0.0,19.0,15931.0,10.0.2.15,55.9152504729887,2370681.75,19.0,3126.5152354570637
141.1764705882353,7.251675696958018,99.17647058823529,0.0,0.0,146517.859375,20205.0,82.231.139.51,114.0,0.5294117647058824,Botnet,259.0,174386.125,0.0,0.0007191956014747776,100.0,1.0,0.0,17.0,15931.0,10.0.2.15,49.3096283332858,2344285.75,17.0,2431.439446366782
114.0,4.171973378174322,72.0,0.0,0.0,269656.5625,16912.0,78.146.226.35,114.0,1.0,Botnet,114.0,264325.125,0.0,0.00030038208322855114,100.0,1.0,0.0,9.0,15931.0,10.0.2.15,0.0,2157252.5,9.0,0.0
114.0,3.9985756185074517,72.0,0.0,0.0,281350.1875,28172.0,82.216.40.29,114.0,1.0,Botnet,114.0,267546.0,0.0,0.0002878974445325365,100.0,1.0,0.0,9.0,15931.0,10.0.2.15,0.0,2250801.5,9.0,0.0
114.0,3.9977026535417646,72.0,0.0,0.0,281411.625,12498.0,95.233.190.157,114.0,1.0,Botnet,114.0,267546.0,0.0,0.00028783459105500707,100.0,1.0,0.0,9.0,15931.0,10.0.2.15,0.0,2251293.0,9.0,0.0
114.0,3.9977026535417646,72.0,0.0,0.0,281411.625,22820.0,151.33.127.233,114.0,1.0,Botnet,114.0,267546.0,0.0,0.00028783459105500707,100.0,1.0,0.0,9.0,15931.0,10.0.2.15,0.0,2251293.0,9.0,0.0
114.0,3.9966037749254855,72.0,0.0,0.0,281489.0,11030.0,79.8.8.206,114.0,1.0,Botnet,114.0,268038.75,0.0,0.00028775547179463493,100.0,1.0,0.0,9.0,15931.0,10.0.2.15,0.0,2251912.0,9.0,0.0
114.0,3.997503337082473,72.0,0.0,0.0,281425.65625,29135.0,125.237.8.198,114.0,1.0,Botnet,114.0,268413.5,0.0,0.00028782024026993805,100.0,1.0,0.0,9.0,15931.0,10.0.2.15,0.0,2251405.25,9.0,0.0
114.0,3.997503337082473,72.0,0.0,0.0,281425.65625,20852.0,77.165.95.222,114.0,1.0,Botnet,114.0,267913.375,0.0,0.00028782024026993805,100.0,1.0,0.0,9.0,15931.0,10.0.2.15,0.0,2251405.25,9.0,0.0
114.0,3.997503337082473,72.0,0.0,0.0,281425.65625,21159.0,2.192.219.237,114.0,1.0,Botnet,114.0,267413.625,0.0,0.00028782024026993805,100.0,1.0,0.0,9.0,15931.0,10.0.2.15,0.0,2251405.25,9.0,0.0
114.0,3.9964458275107337,72.0,0.0,0.0,281500.125,21272.0,108.28.164.88,114.0,1.0,Botnet,114.0,267413.625,0.0,0.0002877440995807728,100.0,1.0,0.0,9.0,15931.0,10.0.2.15,0.0,2252001.0,9.0,0.0
114.0,3.9964458275107337,72.0,0.0,0.0,281500.125,28784.0,84.127.116.2,114.0,1.0,Botnet,114.0,267413.625,0.0,0.0002877440995807728,100.0,1.0,0.0,9.0,15931.0,10.0.2.15,0.0,2252001.0,9.0,0.0
114.0,3.9964458275107337,72.0,0.0,0.0,281500.125,25316.0,2.49.200.77,114.0,1.0,Botnet,114.0,267413.625,0.0,0.0002877440995807728,100.0,1.0,0.0,9.0,15931.0,10.0.2.15,0.0,2252001.0,9.0,0.0
114.0,3.9964458275107337,72.0,0.0,0.0,281500.125,28772.0,79.56.195.50,114.0,1.0,Botnet,114.0,267413.625,0.0,0.0002877440995807728,100.0,1.0,0.0,9.0,15931.0,10.0.2.15,0.0,2252001.0,9.0,0.0
114.0,3.9964458275107337,72.0,0.0,0.0,281500.125,23386.0,67.175.176.31,114.0,1.0,Botnet,114.0,267913.25,0.0,0.0002877440995807728,100.0,1.0,0.0,9.0,15931.0,10.0.2.15,0.0,2252001.0,9.0,0.0
114.0,3.997358634244683,72.0,0.0,0.0,281435.84375,21177.0,201.102.118.31,114.0,1.0,Botnet,114.0,268415.0,0.0,0.0002878098216656172,100.0,1.0,0.0,9.0,15931.0,10.0.2.15,0.0,2251486.75,9.0,0.0
114.0,3.9959135124479364,72.0,0.0,0.0,281537.625,12692.0,79.31.0.167,114.0,1.0,Botnet,114.0,267914.125,0.0,0.0002877057728962514,100.0,1.0,0.0,9.0,15931.0,10.0.2.15,0.0,2252301.0,9.0,0.0
114.0,3.9959135124479364,72.0,0.0,0.0,281537.625,23426.0,81.67.116.188,114.0,1.0,Botnet,114.0,267414.125,0.0,0.0002877057728962514,100.0,1.0,0.0,9.0,15931.0,10.0.2.15,0.0,2252301.0,9.0,0.0
114.0,3.9959135124479364,72.0,0.0,0.0,281537.625,13224.0,79.0.77.231,114.0,1.0,Botnet,114.0,267414.125,0.0,0.0002877057728962514,100.0,1.0,0.0,9.0,15931.0,10.0.2.15,0.0,2252301.0,9.0,0.0
101.75963718820861,3105.14725685588,59.759637188208615,0.0,0.0,322.7778409090909,53.0,10.0.2.3,74.0,0.21315192743764172,Botnet,108.0,0.0,0.0,0.18556247348566862,100.0,1.0,0.0,441.0,1026.0,10.0.2.15,2.684684681886631,142022.25,441.0,7.207531841156721
71.11111111111111,1951.0080208107522,16.22222222222222,0.0,0.0,576.625,80.0,74.125.39.105,62.0,0.7777777777777778,Botnet,200.0,516.0,8.0,0.03164968567092998,11.11111111111111,0.0,0.0,1.0,1033.0,10.0.2.15,45.637324988421106,4613.0,9.0,2082.765432098766
101.9188887510852,3182.0645691140044,59.918888751085206,0.0,0.0,314.3003597122302,53.0,10.0.2.3,101.0,0.19285625697631154,Botnet,108.0,0.0,0.0,0.1906657729155119,100.0,1.0,0.0,8063.0,1034.0,10.0.2.15,2.4257024550115895,2533889.5,8063.0,5.884032400249252
96.0,1245.7178449081282,40.4,0.0,0.0,1003.4375,80.0,77.67.20.244,62.0,0.6,Botnet,256.0,500.625,4.0,0.050327000934288386,20.0,0.0,0.0,1.0,1035.0,10.0.2.15,80.05997751685919,4013.75,5.0,6409.6
73.25,3186.9335723533513,18.25,0.0,0.0,358.60714285714283,80.0,74.125.39.106,62.0,0.75,Botnet,200.0,0.0,7.0,0.05816153769544866,12.5,0.0,0.0,1.0,1036.0,10.0.2.15,47.97851081473872,2510.25,8.0,2301.9375
92.5,3997.0022483137645,36.5,0.0,0.0,333.5833333333333,80.0,74.125.39.103,62.0,0.5,Botnet,200.0,0.0,3.0,0.1458905820634524,25.0,0.0,0.0,1.0,1037.0,10.0.2.15,62.151025735702866,1000.75,4.0,3862.75
86.4,0.0,29.2,0.0,0.0,0.0,80.0,74.125.39.147,62.0,0.4,Botnet,200.0,0.0,4.0,0.0,20.0,0.0,0.0,1.0,1038.0,10.0.2.15,56.912564517863714,0.0,5.0,3239.04
92.5,2666.222296283953,36.5,0.0,0.0,500.0833333333333,80.0,74.125.39.99,62.0,0.5,Botnet,200.0,502.5,3.0,0.09731711381436427,25.0,0.0,0.0,1.0,1039.0,10.0.2.15,62.151025735702866,1500.25,4.0,3862.75
92.5,4001.0002500625155,36.5,0.0,0.0,333.25,80.0,74.125.39.106,62.0,0.5,Botnet,200.0,0.0,3.0,0.14603650912728183,25.0,0.0,0.0,1.0,1040.0,10.0.2.15,62.151025735702866,999.75,4.0,3862.75
92.5,6220.839813374806,36.5,0.0,0.0,214.33333333333334,80.0,74.125.39.147,62.0,0.5,Botnet,200.0,0.0,3.0,0.22706065318818042,25.0,0.0,0.0,1.0,1041.0,10.0.2.15,62.151025735702866,643.0,4.0,3862.75
92.5,0.0,36.5,0.0,0.0,0.0,80.0,74.125.39.105,62.0,0.5,Botnet,200.0,0.0,3.0,0.0,25.0,0.0,0.0,1.0,1043.0,10.0.2.15,62.151025735702866,0.0,4.0,3862.75
277.5,29.646685624075086,235.5,0.0,0.0,40476.7,15931.0,10.0.2.15,546.0,0.16666666666666666,Botnet,546.0,15038.75,0.0,0.006981794464469683,100.0,1.0,0.0,6.0,12054.0,186.18.3.72,134.51363004047832,202383.5,6.0,18093.916666666668
54.46280991735537,1266.3427550280871,0.39669421487603307,0.0,0.0,796.25625,22725.0,186.18.3.72,62.0,0.9752066115702479,Botnet,98.0,886.625,119.0,0.0005023508449698197,1.6528925619834711,0.0,0.0,2.0,1044.0,10.0.2.15,4.055485668226546,95550.75,121.0,16.446964005190914
1452.1645021645022,2417.5634414172573,1398.1471861471862,0.0,0.0,415.43804347826085,1044.0,10.0.2.15,60.0,0.8701298701298701,Botnet,1514.0,0.0,0.0,3.380109522949846,100.0,0.0,0.0,231.0,22725.0,186.18.3.72,237.9624706570395,95550.75,231.0,56626.13744120238
258.5,22.989067261700356,216.5,0.0,0.0,57998.583333333336,15931.0,10.0.2.15,547.0,0.25,Botnet,547.0,75890.0,0.0,0.0049771330621581275,100.0,1.0,0.0,4.0,20205.0,82.231.139.51,169.6827922919705,173995.75,4.0,28792.25
54.46666666666667,1808.0185623239065,0.4,0.0,0.0,557.7394957983194,15814.0,82.231.139.51,62.0,0.975,Botnet,98.0,504.0,118.0,0.0007232074249295626,1.6666666666666667,0.0,0.0,2.0,1045.0,10.0.2.15,4.072127481086789,66371.0,120.0,16.582222222222235
1452.1645021645022,3480.43573247352,1398.1471861471862,0.0,0.0,288.5695652173913,1045.0,10.0.2.15,60.0,0.9004329004329005,Botnet,1514.0,0.0,0.0,4.8661614259239725,100.0,0.0,0.0,231.0,15814.0,82.231.139.51,238.34056310516883,66371.0,231.0,56806.22402128896
134.83333333333334,80.20184130060653,79.5,0.0,0.0,14962.25,80.0,173.213.112.208,62.0,0.6666666666666666,Botnet,531.0,0.0,5.0,0.006376046383398219,16.666666666666668,0.0,0.0,1.0,1046.0,10.0.2.15,177.19519996006915,74811.25,6.0,31398.138888888887
54.56,1372.08560442086,0.48,0.0,0.0,736.179292929293,22725.0,186.18.3.72,62.0,0.97,Botnet,98.0,905.0,98.0,0.0006586010901220127,2.0,0.0,0.0,2.0,1047.0,10.0.2.15,4.4549298535442725,72881.75,100.0,19.846399999999992
1454.5989304812833,2565.800080267008,1400.5775401069518,0.0,0.0,391.8373655913978,1047.0,10.0.2.15,60.0,0.732620320855615,Botnet,1514.0,0.0,0.0,3.5936019648265853,100.0,0.0,0.0,187.0,22725.0,186.18.3.72,232.22104672985753,72881.75,187.0,53926.61454431067
54.56,2038.2892638208752,0.48,0.0,0.0,495.5631313131313,15814.0,82.231.139.51,62.0,0.97,Botnet,98.0,0.0,98.0,0.00097837884663402,2.0,0.0,0.0,2.0,1048.0,10.0.2.15,4.4549298535442725,49060.75,100.0,19.846399999999992
1447.1808510638298,3927.03649741766,1393.159574468085,0.0,0.0,256.0066844919786,1048.0,10.0.2.15,60.0,0.8617021276595744,Botnet,1514.0,0.0,0.0,5.470988495663027,100.0,0.0,0.0,188.0,15814.0,82.231.139.51,252.8774601384714,47873.25,188.0,63947.0098460842
134.83333333333334,2002.002002002002,79.5,0.0,0.0,599.4,80.0,173.213.112.208,62.0,0.6666666666666666,Botnet,531.0,997.5,5.0,0.15915915915915915,16.666666666666668,0.0,0.0,1.0,1049.0,10.0.2.15,177.19519996006915,2997.0,6.0,31398.138888888887
304.0,2669.336002669336,249.0,0.0,0.0,428.14285714285717,80.0,173.213.112.208,62.0,0.5,Botnet,1514.0,0.0,5.0,0.6646646646646647,37.5,0.0,0.0,3.0,1050.0,10.0.2.15,472.36558934791174,2997.0,8.0,223129.25
134.83333333333334,5998.5003749062735,79.5,0.0,0.0,200.05,80.0,173.213.112.208,62.0,0.6666666666666666,Botnet,531.0,0.0,5.0,0.4768807798050487,16.666666666666668,0.0,0.0,1.0,1053.0,10.0.2.15,177.19519996006915,1000.25,6.0,31398.138888888887
134.83333333333334,3000.3750468808603,79.5,0.0,0.0,399.95,80.0,173.213.112.208,62.0,0.6666666666666666,Botnet,531.0,0.0,5.0,0.23852981622702837,16.666666666666668,0.0,0.0,1.0,1054.0,10.0.2.15,177.19519996006915,1999.75,6.0,31398.138888888887
134.83333333333334,3983.402489626556,79.5,0.0,0.0,301.25,80.0,173.213.112.208,62.0,0.6666666666666666,Botnet,531.0,0.0,5.0,0.3166804979253112,16.666666666666668,0.0,0.0,1.0,1055.0,10.0.2.15,177.19519996006915,1506.25,6.0,31398.138888888887
134.83333333333334,5956.813104988831,79.5,0.0,0.0,201.45,80.0,173.213.112.208,62.0,0.6666666666666666,Botnet,531.0,0.0,5.0,0.47356664184661207,16.666666666666668,0.0,0.0,1.0,1056.0,10.0.2.15,177.19519996006915,1007.25,6.0,31398.138888888887
134.83333333333334,3970.880211780278,79.5,0.0,0.0,302.2,80.0,173.213.112.208,62.0,0.6666666666666666,Botnet,531.0,0.0,5.0,0.31568497683653207,16.666666666666668,0.0,0.0,1.0,1057.0,10.0.2.15,177.19519996006915,1511.0,6.0,31398.138888888887
134.83333333333334,1201.020867737577,79.5,0.0,0.0,999.15,80.0,173.213.112.208,62.0,0.6666666666666666,Botnet,531.0,0.0,5.0,0.09548115898513737,16.666666666666668,0.0,0.0,1.0,1058.0,10.0.2.15,177.19519996006915,4995.75,6.0,31398.138888888887
92.5,4005.006257822278,36.5,0.0,0.0,332.9166666666667,80.0,74.125.39.105,62.0,0.5,Botnet,200.0,0.0,3.0,0.14618272841051314,25.0,0.0,0.0,1.0,1059.0,10.0.2.15,62.151025735702866,998.75,4.0,3862.75
84.8,5002.501250625312,29.2,0.0,0.0,249.875,80.0,74.125.39.105,62.0,0.6,Botnet,200.0,0.0,4.0,0.14607303651825912,20.0,0.0,0.0,1.0,1060.0,10.0.2.15,57.683273138753144,999.5,5.0,3327.3599999999997
92.5,4000.0,36.5,0.0,0.0,333.3333333333333,80.0,74.125.39.105,62.0,0.5,Botnet,200.0,0.0,3.0,0.146,25.0,0.0,0.0,1.0,1061.0,10.0.2.15,62.151025735702866,1000.0,4.0,3862.75
92.5,0.0,36.5,0.0,0.0,0.0,80.0,74.125.39.105,62.0,0.5,Botnet,200.0,0.0,3.0,0.0,25.0,0.0,0.0,1.0,1062.0,10.0.2.15,62.151025735702866,0.0,4.0,3862.75
92.5,3999.0002499375155,36.5,0.0,0.0,333.4166666666667,80.0,74.125.39.105,62.0,0.5,Botnet,200.0,0.0,3.0,0.14596350912271933,25.0,0.0,0.0,1.0,1063.0,10.0.2.15,62.151025735702866,1000.25,4.0,3862.75
134.83333333333334,5998.5003749062735,79.5,0.0,0.0,200.05,80.0,173.213.112.208,62.0,0.6666666666666666,Botnet,531.0,0.0,5.0,0.4768807798050487,16.666666666666668,0.0,0.0,1.0,1064.0,10.0.2.15,177.19519996006915,1000.25,6.0,31398.138888888887
134.83333333333334,3953.220227310163,79.5,0.0,0.0,303.55,80.0,173.213.112.208,62.0,0.6666666666666666,Botnet,531.0,0.0,5.0,0.31428100807115794,16.666666666666668,0.0,0.0,1.0,1065.0,10.0.2.15,177.19519996006915,1517.75,6.0,31398.138888888887
134.83333333333334,5964.214711729623,79.5,0.0,0.0,201.2,80.0,173.213.112.208,62.0,0.6666666666666666,Botnet,531.0,0.0,5.0,0.474155069582505,16.666666666666668,0.0,0.0,1.0,1066.0,10.0.2.15,177.19519996006915,1006.0,6.0,31398.138888888887
134.83333333333334,6000.0,79.5,0.0,0.0,200.0,80.0,173.213.112.208,62.0,0.6666666666666666,Botnet,531.0,0.0,5.0,0.477,16.666666666666668,0.0,0.0,1.0,1067.0,10.0.2.15,177.19519996006915,1000.0,6.0,31398.138888888887
134.83333333333334,4612.723428791082,79.5,0.0,0.0,260.15,80.0,173.213.112.208,62.0,0.6666666666666666,Botnet,531.0,0.0,5.0,0.366711512588891,16.666666666666668,0.0,0.0,1.0,1068.0,10.0.2.15,177.19519996006915,1300.75,6.0,31398.138888888887
134.83333333333334,2979.5158286778396,79.5,0.0,0.0,402.75,80.0,173.213.112.208,62.0,0.6666666666666666,Botnet,531.0,0.0,5.0,0.23687150837988827,16.666666666666668,0.0,0.0,1.0,1069.0,10.0.2.15,177.19519996006915,2013.75,6.0,31398.138888888887
134.83333333333334,3000.7501875468865,79.5,0.0,0.0,399.9,80.0,173.213.112.208,62.0,0.6666666666666666,Botnet,531.0,0.0,5.0,0.2385596399099775,16.666666666666668,0.0,0.0,1.0,1070.0,10.0.2.15,177.19519996006915,1999.5,6.0,31398.138888888887
134.83333333333334,3941.533913614715,79.5,0.0,0.0,304.45,80.0,173.213.112.208,62.0,0.6666666666666666,Botnet,531.0,0.0,5.0,0.31335194613236983,16.666666666666668,0.0,0.0,1.0,1071.0,10.0.2.15,177.19519996006915,1522.25,6.0,31398.138888888887
134.83333333333334,6001.500375093773,79.5,0.0,0.0,199.95,80.0,173.213.112.208,62.0,0.6666666666666666,Botnet,531.0,0.0,5.0,0.477119279819955,16.666666666666668,0.0,0.0,1.0,1072.0,10.0.2.15,177.19519996006915,999.75,6.0,31398.138888888887
134.83333333333334,6004.503377533149,79.5,0.0,0.0,199.85,80.0,173.213.112.208,62.0,0.6666666666666666,Botnet,531.0,0.0,5.0,0.47735801851388543,16.666666666666668,0.0,0.0,1.0,1073.0,10.0.2.15,177.19519996006915,999.25,6.0,31398.138888888887
134.83333333333334,6000.0,79.5,0.0,0.0,200.0,80.0,173.213.112.208,62.0,0.6666666666666666,Botnet,531.0,0.0,5.0,0.477,16.666666666666668,0.0,0.0,1.0,1074.0,10.0.2.15,177.19519996006915,1000.0,6.0,31398.138888888887
134.83333333333334,2999.6250468691414,79.5,0.0,0.0,400.05,80.0,173.213.112.208,62.0,0.6666666666666666,Botnet,531.0,0.0,5.0,0.23847019122609675,16.666666666666668,0.0,0.0,1.0,1075.0,10.0.2.15,177.19519996006915,2000.25,6.0,31398.138888888887
92.5,3997.0022483137645,36.5,0.0,0.0,333.5833333333333,80.0,74.125.39.99,62.0,0.5,Botnet,200.0,0.0,3.0,0.1458905820634524,25.0,0.0,0.0,1.0,1076.0,10.0.2.15,62.151025735702866,1000.75,4.0,3862.75
92.5,4001.0002500625155,36.5,0.0,0.0,333.25,80.0,74.125.39.99,62.0,0.5,Botnet,200.0,0.0,3.0,0.14603650912728183,25.0,0.0,0.0,1.0,1077.0,10.0.2.15,62.151025735702866,999.75,4.0,3862.75
92.5,2644.1910428028427,36.5,0.0,0.0,504.25,80.0,74.125.39.99,62.0,0.5,Botnet,200.0,511.75,3.0,0.09651297306230375,25.0,0.0,0.0,1.0,1078.0,10.0.2.15,62.151025735702866,1512.75,4.0,3862.75
92.5,3952.5691699604745,36.5,0.0,0.0,337.3333333333333,80.0,74.125.39.99,62.0,0.5,Botnet,200.0,0.0,3.0,0.1442687747035573,25.0,0.0,0.0,1.0,1079.0,10.0.2.15,62.151025735702866,1012.0,4.0,3862.75
92.5,3989.0301670406384,36.5,0.0,0.0,334.25,80.0,74.125.39.99,62.0,0.5,Botnet,200.0,0.0,3.0,0.1455996010969833,25.0,0.0,0.0,1.0,1080.0,10.0.2.15,62.151025735702866,1002.75,4.0,3862.75
134.83333333333334,6009.01352028042,79.5,0.0,0.0,199.7,80.0,173.213.112.208,62.0,0.6666666666666666,Botnet,531.0,0.0,5.0,0.47771657486229346,16.666666666666668,0.0,0.0,1.0,1081.0,10.0.2.15,177.19519996006915,998.5,6.0,31398.138888888887
134.83333333333334,6010.518407212622,79.5,0.0,0.0,199.65,80.0,173.213.112.208,62.0,0.6666666666666666,Botnet,531.0,0.0,5.0,0.47783621337340343,16.666666666666668,0.0,0.0,1.0,1082.0,10.0.2.15,177.19519996006915,998.25,6.0,31398.138888888887
134.83333333333334,5998.5003749062735,79.5,0.0,0.0,200.05,80.0,173.213.112.208,62.0,0.6666666666666666,Botnet,531.0,0.0,5.0,0.4768807798050487,16.666666666666668,0.0,0.0,1.0,1083.0,10.0.2.15,177.19519996006915,1000.25,6.0,31398.138888888887
134.83333333333334,5997.001499250375,79.5,0.0,0.0,200.1,80.0,173.213.112.208,62.0,0.6666666666666666,Botnet,531.0,0.0,5.0,0.4767616191904048,16.666666666666668,0.0,0.0,1.0,1084.0,10.0.2.15,177.19519996006915,1000.5,6.0,31398.138888888887
134.83333333333334,6001.500375093773,79.5,0.0,0.0,199.95,80.0,173.213.112.208,62.0,0.6666666666666666,Botnet,531.0,0.0,5.0,0.477119279819955,16.666666666666668,0.0,0.0,1.0,1085.0,10.0.2.15,177.19519996006915,999.75,6.0,31398.138888888887
134.83333333333334,1326.8465280849182,79.5,0.0,0.0,904.4,80.0,173.213.112.208,62.0,0.6666666666666666,Botnet,531.0,516.75,5.0,0.105484298982751,16.666666666666668,0.0,0.0,1.0,1086.0,10.0.2.15,177.19519996006915,4522.0,6.0,31398.138888888887
189.66666666666666,9.64300781485425,147.66666666666666,0.0,0.0,155553.125,20179.0,123.193.112.177,208.0,0.3333333333333333,Botnet,208.0,155553.125,0.0,0.0014239508206601442,100.0,1.0,0.0,3.0,15931.0,10.0.2.15,19.293061504650375,311106.25,3.0,372.22222222222223
192.34782608695653,73.92972658054924,150.34782608695653,0.0,0.0,14141.193181818182,19037.0,76.169.10.92,198.0,0.08695652173913043,Botnet,296.0,13949.875,0.0,0.011115173674588665,100.0,1.0,0.0,23.0,15931.0,10.0.2.15,60.747953048822374,311106.25,23.0,3690.3137996219275
268.82608695652175,73.92972658054924,226.82608695652175,0.0,0.0,14141.193181818182,15931.0,10.0.2.15,547.0,0.08695652173913043,Botnet,550.0,14294.75,0.0,0.01676919059003154,100.0,1.0,0.0,23.0,19037.0,76.169.10.92,152.73724302352463,311106.25,23.0,23328.66540642722
200.0,9.6742596168187,158.0,0.0,0.0,155050.625,16873.0,173.121.167.218,126.0,0.3333333333333333,Botnet,312.0,155050.625,0.0,0.0015285330194573547,100.0,1.0,0.0,3.0,15931.0,10.0.2.15,80.54812226240907,310101.25,3.0,6488.0
190.69565217391303,73.92384558272882,148.69565217391303,0.0,0.0,14142.318181818182,13041.0,59.171.62.145,210.0,0.08695652173913043,Botnet,282.0,14768.375,0.0,0.010992154430127502,100.0,1.0,0.0,23.0,15931.0,10.0.2.15,58.260609992932466,311131.0,23.0,3394.2986767485822
272.2608695652174,73.92384558272882,230.2608695652174,0.0,0.0,14142.318181818182,15931.0,10.0.2.15,541.0,0.043478260869565216,Botnet,550.0,14766.25,0.0,0.01702176896548399,100.0,1.0,0.0,23.0,13041.0,59.171.62.145,153.40404659684611,311131.0,23.0,23532.801512287337
197.66666666666666,9.64224072818202,155.66666666666666,0.0,0.0,155565.5,24700.0,180.27.82.185,231.0,0.3333333333333333,Botnet,231.0,155565.5,0.0,0.0015009754733536678,100.0,1.0,0.0,3.0,15931.0,10.0.2.15,45.03578823804711,311131.0,3.0,2028.2222222222224
185.0,9.64224072818202,143.0,0.0,0.0,155565.5,10997.0,182.53.121.23,154.0,0.3333333333333333,Botnet,262.0,155565.5,0.0,0.0013788404241300287,100.0,1.0,0.0,3.0,15931.0,10.0.2.15,54.7905101272109,311131.0,3.0,3002.0
174.84615384615384,41.91777023257914,132.84615384615384,0.0,0.0,25844.25,27438.0,99.45.226.110,185.0,0.07692307692307693,Botnet,252.0,15268.125,0.0,0.005568614553204936,100.0,1.0,0.0,13.0,15931.0,10.0.2.15,41.570785144314904,310131.0,13.0,1728.1301775147929
188.0,9.642279467006931,146.0,0.0,0.0,155564.875,16656.0,146.115.56.185,305.0,0.3333333333333333,Botnet,305.0,155564.875,0.0,0.0014077728021830121,100.0,1.0,0.0,3.0,15931.0,10.0.2.15,83.46256645946133,311129.75,3.0,6966.0
247.33333333333334,9.642279467006931,205.33333333333334,0.0,0.0,155564.875,29545.0,217.201.72.10,275.0,0.3333333333333333,Botnet,296.0,155564.875,0.0,0.00197988138389209,100.0,1.0,0.0,3.0,15931.0,10.0.2.15,54.65243717245269,311129.75,3.0,2986.8888888888887
209.66666666666666,9.642279467006931,167.66666666666666,0.0,0.0,155564.875,15747.0,222.124.44.86,176.0,0.3333333333333333,Botnet,301.0,155564.875,0.0,0.0016166888573014957,100.0,1.0,0.0,3.0,15931.0,10.0.2.15,65.32142748661337,311129.75,3.0,4266.888888888889
243.33333333333334,9.642279467006931,201.33333333333334,0.0,0.0,155564.875,23303.0,41.238.216.114,260.0,0.3333333333333333,Botnet,284.0,155564.875,0.0,0.0019413122660240623,100.0,1.0,0.0,3.0,15931.0,10.0.2.15,41.7079795189788,311129.75,3.0,1739.5555555555554
214.84,80.35232889172444,172.84,0.0,0.0,12963.739583333334,21607.0,136.145.128.254,265.0,0.04,Botnet,301.0,13654.75,0.0,0.013888096525645651,100.0,1.0,0.0,25.0,15931.0,10.0.2.15,54.2215307788336,311129.75,25.0,2939.9744
275.17391304347825,73.92414258038647,233.17391304347825,0.0,0.0,14142.261363636364,15931.0,10.0.2.15,543.0,0.08695652173913043,Botnet,545.0,16014.875,0.0,0.017237181593852725,100.0,1.0,0.0,23.0,21607.0,136.145.128.254,151.93524140350146,311129.75,23.0,23084.317580340266
203.8695652173913,73.92438018023086,161.8695652173913,0.0,0.0,14142.21590909091,26072.0,121.134.17.97,151.0,0.043478260869565216,Botnet,293.0,14300.25,0.0,0.011966107278739107,100.0,1.0,0.0,23.0,15931.0,10.0.2.15,53.72498758599496,311128.75,23.0,2886.374291115312
294.7826086956522,73.92438018023086,252.7826086956522,0.0,0.0,14142.21590909091,15931.0,10.0.2.15,538.0,0.08695652173913043,Botnet,548.0,14800.5,0.0,0.018686797668167922,100.0,1.0,0.0,23.0,26072.0,121.134.17.97,133.54496279847802,311128.75,23.0,17834.25708884688
257.0,9.64231045829098,215.0,0.0,0.0,155564.375,22952.0,180.180.147.64,296.0,0.3333333333333333,Botnet,305.0,155564.375,0.0,0.002073096748532561,100.0,1.0,0.0,3.0,15931.0,10.0.2.15,61.62791575252241,311128.75,3.0,3798.0
183.33333333333334,9.64231045829098,141.33333333333334,0.0,0.0,155564.375,24506.0,59.90.211.17,199.0,0.3333333333333333,Botnet,219.0,155564.375,0.0,0.0013627798781051252,100.0,1.0,0.0,3.0,15931.0,10.0.2.15,37.205137040766594,311128.75,3.0,1384.2222222222224
134.83333333333334,588.2208769392907,79.5,0.0,0.0,2040.05,80.0,173.213.112.208,62.0,0.6666666666666666,Botnet,531.0,663.0,5.0,0.04676355971667361,16.666666666666668,0.0,0.0,1.0,1087.0,10.0.2.15,177.19519996006915,10200.25,6.0,31398.138888888887
230.33333333333334,9.704741332250716,188.33333333333334,0.0,0.0,154563.625,18071.0,180.254.123.201,261.0,0.3333333333333333,Botnet,261.0,154563.625,0.0,0.0018277262842405515,100.0,1.0,0.0,3.0,15931.0,10.0.2.15,30.922843048824316,309127.25,3.0,956.2222222222223
218.0,9.642318206143122,176.0,0.0,0.0,155564.25,29280.0,80.189.162.31,171.0,0.3333333333333333,Botnet,260.0,155564.25,0.0,0.0016970480042811894,100.0,1.0,0.0,3.0,15931.0,10.0.2.15,36.5057073163453,311128.5,3.0,1332.6666666666667
220.66666666666666,9.642318206143122,178.66666666666666,0.0,0.0,155564.25,25280.0,117.98.153.186,215.0,0.3333333333333333,Botnet,258.0,155564.25,0.0,0.0017227608528309043,100.0,1.0,0.0,3.0,15931.0,10.0.2.15,28.4526897771644,311128.5,3.0,809.5555555555557
194.2608695652174,73.76014803341015,152.2608695652174,0.0,0.0,14173.704545454546,18807.0,120.151.12.235,200.0,0.08695652173913043,Botnet,283.0,14629.25,0.0,0.011230784278826187,100.0,1.0,0.0,23.0,15931.0,10.0.2.15,53.66985826514151,311821.5,23.0,2880.4536862003783
268.94444444444446,57.84833131667623,226.94444444444446,0.0,0.0,18303.441176470587,15931.0,10.0.2.15,539.0,0.05555555555555555,Botnet,550.0,17055.5,0.0,0.013128357412701243,100.0,1.0,0.0,18.0,18807.0,120.151.12.235,156.28729678320778,311158.5,18.0,24425.71913580247
174.66666666666666,9.641388552779372,132.66666666666666,0.0,0.0,155579.25,23284.0,122.178.199.16,168.0,0.3333333333333333,Botnet,192.0,155579.25,0.0,0.0012790908813353967,100.0,1.0,0.0,3.0,15931.0,10.0.2.15,12.364824660660938,311158.5,3.0,152.88888888888889
158.77777777777777,111.37063218301907,116.77777777777777,0.0,0.0,10101.40625,10910.0,76.224.233.61,255.0,0.1111111111111111,Botnet,255.0,1758.125,0.0,0.013005614936039227,100.0,1.0,0.0,9.0,15931.0,10.0.2.15,51.71670217589882,80811.25,9.0,2674.617283950617
234.5,72.07986448985476,192.5,0.0,0.0,18498.0,15931.0,10.0.2.15,537.0,0.25,Botnet,537.0,17039.5,0.0,0.01387537391429704,100.0,1.0,0.0,4.0,10910.0,76.224.233.61,176.08875602945238,55494.0,4.0,31007.25
181.46666666666667,48.05043373524852,139.46666666666667,0.0,0.0,22298.0,11121.0,85.92.244.81,199.0,0.06666666666666667,Botnet,258.0,14285.75,0.0,0.00670143382494266,100.0,1.0,0.0,15.0,15931.0,10.0.2.15,54.20192698501492,312172.0,15.0,2937.8488888888887
258.5,60.729244357399196,216.5,0.0,0.0,18818.89285714286,15931.0,10.0.2.15,541.0,0.125,Botnet,541.0,18745.5,0.0,0.013147881403376926,100.0,1.0,0.0,8.0,11121.0,85.92.244.81,115.52921708381824,131732.25,8.0,13347.0
161.66666666666666,9.672887139171081,119.66666666666667,0.0,0.0,155072.625,29101.0,79.5.152.94,182.0,0.3333333333333333,Botnet,184.0,155072.625,0.0,0.0011575221609874727,100.0,1.0,0.0,3.0,15931.0,10.0.2.15,30.180935851773864,310145.25,3.0,910.888888888889
204.66666666666666,9.672887139171081,162.66666666666666,0.0,0.0,155072.625,28341.0,209.252.225.114,116.0,0.3333333333333333,Botnet,297.0,155072.625,0.0,0.0015734563079718292,100.0,1.0,0.0,3.0,15931.0,10.0.2.15,73.93841281018203,310145.25,3.0,5466.88888888889
209.45454545454547,94.02894809388363,167.45454545454547,0.0,0.0,11698.525,27450.0,68.207.220.159,170.0,0.09090909090909091,Botnet,258.0,7259.25,0.0,0.015745574762630332,100.0,1.0,0.0,11.0,15931.0,10.0.2.15,39.19499883766164,116985.25,11.0,1536.2479338842975
221.66666666666666,60.321362056355234,179.66666666666666,0.0,0.0,19893.45,15931.0,10.0.2.15,547.0,0.16666666666666666,Botnet,547.0,26177.5,0.0,0.01083773804945849,100.0,1.0,0.0,6.0,27450.0,68.207.220.159,149.31584719051835,99467.25,6.0,22295.22222222223
228.25,13.249266735894086,186.25,0.0,0.0,100634.5,14551.0,79.50.1.148,119.0,0.25,Botnet,286.0,125245.25,0.0,0.0024676759295602733,100.0,1.0,0.0,4.0,15931.0,10.0.2.15,66.61221734787095,301903.5,4.0,4437.1875
172.625,155.39260913902783,130.625,0.0,0.0,7354.642857142857,13851.0,189.141.148.12,137.0,0.125,Botnet,240.0,2000.25,0.0,0.020298159568785508,100.0,1.0,0.0,8.0,15931.0,10.0.2.15,51.751660601375875,51482.5,8.0,2678.234375
326.6666666666667,199.46808510638297,284.6666666666667,0.0,0.0,7520.0,15931.0,10.0.2.15,546.0,0.3333333333333333,Botnet,546.0,7520.0,0.0,0.05678191489361702,100.0,1.0,0.0,3.0,13851.0,189.141.148.12,156.2249090965401,15040.0,3.0,24406.22222222222
173.14285714285714,388.05349594622686,131.14285714285714,0.0,0.0,3006.4583333333335,18504.0,41.237.113.192,267.0,0.14285714285714285,Botnet,267.0,1000.125,0.0,0.05089044418266232,100.0,1.0,0.0,7.0,15931.0,10.0.2.15,59.05307194484,18038.75,7.0,3487.265306122449
179.27272727272728,71.63545368849323,137.27272727272728,0.0,0.0,15355.525,22303.0,108.92.98.18,289.0,0.09090909090909091,Botnet,289.0,18050.75,0.0,0.009833594097238616,100.0,1.0,0.0,11.0,15931.0,10.0.2.15,64.97005031563796,153555.25,11.0,4221.107438016528
269.1818181818182,71.63545368849323,227.1818181818182,0.0,0.0,15355.525,15931.0,10.0.2.15,538.0,0.09090909090909091,Botnet,541.0,18550.375,0.0,0.016274272615231327,100.0,1.0,0.0,11.0,22303.0,108.92.98.18,138.01437223039042,153555.25,11.0,19047.96694214876
185.9047619047619,71.33073429046725,143.9047619047619,0.0,0.0,14720.1625,23801.0,67.84.140.135,207.0,0.047619047619047616,Botnet,282.0,16549.5,0.0,0.010264832334561524,100.0,1.0,0.0,21.0,15931.0,10.0.2.15,54.77043411837028,294403.25,21.0,2999.8004535147397
251.0,71.33073429046725,209.0,0.0,0.0,14720.1625,15931.0,10.0.2.15,538.0,0.047619047619047616,Botnet,547.0,17183.875,0.0,0.014908123466707654,100.0,1.0,0.0,21.0,23801.0,67.84.140.135,149.18923745172964,294403.25,21.0,22257.428571428572
170.1818181818182,71.62472550637867,128.1818181818182,0.0,0.0,15357.825,18059.0,97.102.14.57,174.0,0.18181818181818182,Botnet,257.0,18308.25,0.0,0.009180987542181267,100.0,1.0,0.0,11.0,15931.0,10.0.2.15,45.938334520445956,153578.25,11.0,2110.3305785123966
279.45454545454544,71.62472550637867,237.45454545454547,0.0,0.0,15357.825,15931.0,10.0.2.15,548.0,0.09090909090909091,Botnet,548.0,18308.25,0.0,0.017007616638423734,100.0,1.0,0.0,11.0,18059.0,97.102.14.57,131.68651731660006,153578.25,11.0,17341.338842975205
200.0,67.98624017617304,158.0,0.0,0.0,15377.443181818182,10391.0,24.184.202.245,157.0,0.043478260869565216,Botnet,280.0,15390.5,0.0,0.01074182594783534,100.0,1.0,0.0,23.0,15931.0,10.0.2.15,49.414836708791434,338303.75,23.0,2441.8260869565215
270.1304347826087,67.98624017617304,228.1304347826087,0.0,0.0,15377.443181818182,15931.0,10.0.2.15,543.0,0.08695652173913043,Botnet,547.0,15199.125,0.0,0.015509730530625215,100.0,1.0,0.0,23.0,10391.0,24.184.202.245,152.35094050817017,338303.75,23.0,23210.80907372401
178.42857142857142,280.53582342273745,136.42857142857142,0.0,0.0,4158.708333333333,24960.0,79.203.165.221,301.0,0.14285714285714285,Botnet,301.0,1463.375,0.0,0.03827310162410204,100.0,1.0,0.0,7.0,15931.0,10.0.2.15,71.39599257032597,24952.25,7.0,5097.387755102041
189.95238095238096,71.09082953688556,147.95238095238096,0.0,0.0,14769.8375,18041.0,66.104.151.146,309.0,0.09523809523809523,Botnet,309.0,16432.25,0.0,0.010518057493862068,100.0,1.0,0.0,21.0,15931.0,10.0.2.15,60.995297391314324,295396.75,21.0,3720.426303854876
268.95238095238096,71.09082953688556,226.95238095238096,0.0,0.0,14769.8375,15931.0,10.0.2.15,549.0,0.09523809523809523,Botnet,549.0,16432.25,0.0,0.016134233027276026,100.0,1.0,0.0,21.0,18041.0,66.104.151.146,144.7587405669224,295396.75,21.0,20955.092970521542
208.5,59.474778233420665,166.5,0.0,0.0,18682.055555555555,17438.0,187.194.96.252,311.0,0.1,Botnet,311.0,2506.0,0.0,0.00990255057586454,100.0,1.0,0.0,10.0,15931.0,10.0.2.15,59.63597907303946,168138.5,10.0,3556.45
283.25,79.24793707713796,241.25,0.0,0.0,16824.833333333332,15931.0,10.0.2.15,549.0,0.25,Botnet,549.0,24965.25,0.0,0.019118564819859532,100.0,1.0,0.0,4.0,17438.0,187.194.96.252,156.21519612380865,50474.5,4.0,24403.1875
204.875,71.36411009698085,162.875,0.0,0.0,14621.891304347826,23096.0,76.254.52.66,285.0,0.08333333333333333,Botnet,309.0,15090.75,0.0,0.011623429432045756,100.0,1.0,0.0,24.0,15931.0,10.0.2.15,66.24783801503764,336303.5,24.0,4388.776041666667
270.6521739130435,68.59457178347378,228.65217391304347,0.0,0.0,15241.068181818182,15931.0,10.0.2.15,539.0,0.08695652173913043,Botnet,547.0,17010.875,0.0,0.01568429795692559,100.0,1.0,0.0,23.0,23096.0,76.254.52.66,151.70813187790162,335303.5,23.0,23015.35727788279
195.2,14.867335052492843,153.2,0.0,0.0,84076.9375,11039.0,70.230.174.212,270.0,0.2,Botnet,270.0,82585.5,0.0,0.0022776757300419035,100.0,1.0,0.0,5.0,15931.0,10.0.2.15,60.58844774377373,336307.75,5.0,3670.96
134.83333333333334,906.9952004837307,79.5,0.0,0.0,1323.05,80.0,173.213.112.208,62.0,0.6666666666666666,Botnet,531.0,1001.25,5.0,0.0721061184384566,16.666666666666668,0.0,0.0,1.0,1088.0,10.0.2.15,177.19519996006915,6615.25,6.0,31398.138888888887
192.1304347826087,70.329777857281,150.1304347826087,0.0,0.0,14865.03409090909,17075.0,97.96.45.170,242.0,0.08695652173913043,Botnet,293.0,15899.125,0.0,0.010558640127877883,100.0,1.0,0.0,23.0,15931.0,10.0.2.15,52.08630325495836,327030.75,23.0,2712.9829867674857
260.30434782608694,70.329777857281,218.30434782608697,0.0,0.0,14865.03409090909,15931.0,10.0.2.15,537.0,0.043478260869565216,Botnet,549.0,15901.25,0.0,0.015353296287887301,100.0,1.0,0.0,23.0,17075.0,97.96.45.170,154.63798812840508,327030.75,23.0,23912.90737240075
187.8181818181818,73.75187522523655,145.8181818181818,0.0,0.0,14914.875,18923.0,202.5.153.19,195.0,0.18181818181818182,Botnet,268.0,15631.625,0.0,0.010754364351025402,100.0,1.0,0.0,11.0,15931.0,10.0.2.15,44.28999103392463,149148.75,11.0,1961.603305785124
285.1818181818182,73.25848757852394,243.1818181818182,0.0,0.0,15015.325,15931.0,10.0.2.15,541.0,0.09090909090909091,Botnet,541.0,15631.625,0.0,0.017815132206595596,100.0,1.0,0.0,11.0,18923.0,202.5.153.19,129.3169595724314,150153.25,11.0,16722.87603305785
197.875,153.08734111208386,155.875,0.0,0.0,7465.392857142857,23426.0,187.126.56.144,295.0,0.125,Botnet,295.0,1005.0,0.0,0.02386248929584607,100.0,1.0,0.0,8.0,15931.0,10.0.2.15,55.7212650161498,52257.75,8.0,3104.859375
250.66666666666666,135.76349998302956,208.66666666666666,0.0,0.0,11048.625,15931.0,10.0.2.15,536.0,0.6666666666666666,Botnet,536.0,11048.625,0.0,0.028329316996458836,100.0,1.0,0.0,3.0,23426.0,187.126.56.144,201.76113489856158,22097.25,3.0,40707.55555555556
189.91304347826087,70.1156985238359,147.91304347826087,0.0,0.0,14910.420454545454,27243.0,206.163.244.17,303.0,0.08695652173913043,Botnet,303.0,15534.875,0.0,0.010371026364264771,100.0,1.0,0.0,23.0,15931.0,10.0.2.15,64.92464732185825,328029.25,23.0,4215.209829867675
272.4782608695652,69.90254673213192,230.47826086956522,0.0,0.0,14955.886363636364,15931.0,10.0.2.15,550.0,0.043478260869565216,Botnet,550.0,15534.875,0.0,0.016111017401175275,100.0,1.0,0.0,23.0,27243.0,206.163.244.17,150.71680024216377,329029.5,23.0,22715.553875236295
171.0,9.108926824195436,129.0,0.0,0.0,164673.625,17485.0,186.18.225.127,155.0,0.3333333333333333,Botnet,240.0,164673.625,0.0,0.0011750515603212112,100.0,1.0,0.0,3.0,15931.0,10.0.2.15,51.07510809255979,329347.25,3.0,2608.6666666666665
195.0,39.41149542371905,153.0,0.0,0.0,27487.75,24429.0,83.29.184.42,274.0,0.15384615384615385,Botnet,285.0,15631.625,0.0,0.006029958799829015,100.0,1.0,0.0,13.0,15931.0,10.0.2.15,68.40265401958521,329853.0,13.0,4678.923076923077
273.84615384615387,39.53122054163854,231.84615384615384,0.0,0.0,27404.5,15931.0,10.0.2.15,540.0,0.07692307692307693,Botnet,547.0,15631.625,0.0,0.009165161439422967,100.0,1.0,0.0,13.0,24429.0,83.29.184.42,155.91064805687515,328854.0,13.0,24308.130177514788
92.5,1988.3186280601467,36.5,0.0,0.0,670.5833333333334,80.0,74.125.39.105,62.0,0.5,Botnet,200.0,903.75,3.0,0.07257362992419535,25.0,0.0,0.0,1.0,1089.0,10.0.2.15,62.151025735702866,2011.75,4.0,3862.75
92.5,3998.0009995002497,36.5,0.0,0.0,333.5,80.0,74.125.39.105,62.0,0.5,Botnet,200.0,0.0,3.0,0.14592703648175911,25.0,0.0,0.0,1.0,1090.0,10.0.2.15,62.151025735702866,1000.5,4.0,3862.75
92.5,3999.0002499375155,36.5,0.0,0.0,333.4166666666667,80.0,74.125.39.105,62.0,0.5,Botnet,200.0,0.0,3.0,0.14596350912271933,25.0,0.0,0.0,1.0,1091.0,10.0.2.15,62.151025735702866,1000.25,4.0,3862.75
79.66666666666667,6000.0,24.333333333333332,0.0,0.0,200.0,80.0,74.125.39.105,62.0,0.6666666666666666,Botnet,200.0,0.0,5.0,0.146,16.666666666666668,0.0,0.0,1.0,1092.0,10.0.2.15,53.89392874485544,1000.0,6.0,2904.555555555555
92.5,4001.0002500625155,36.5,0.0,0.0,333.25,80.0,74.125.39.105,62.0,0.5,Botnet,200.0,0.0,3.0,0.14603650912728183,25.0,0.0,0.0,1.0,1093.0,10.0.2.15,62.151025735702866,999.75,4.0,3862.75
92.5,4004.004004004004,36.5,0.0,0.0,333.0,80.0,74.125.39.105,62.0,0.5,Botnet,200.0,0.0,3.0,0.14614614614614616,25.0,0.0,0.0,1.0,1094.0,10.0.2.15,62.151025735702866,999.0,4.0,3862.75
134.83333333333334,709.9751508697195,79.5,0.0,0.0,1690.2,80.0,66.150.188.209,62.0,0.6666666666666666,Botnet,531.0,1012.25,5.0,0.05644302449414271,16.666666666666668,0.0,0.0,1.0,1095.0,10.0.2.15,177.19519996006915,8451.0,6.0,31398.138888888887
92.5,3955.500618046972,36.5,0.0,0.0,337.0833333333333,80.0,74.125.39.105,62.0,0.5,Botnet,200.0,0.0,3.0,0.14437577255871445,25.0,0.0,0.0,1.0,1096.0,10.0.2.15,62.151025735702866,1011.25,4.0,3862.75
84.8,5002.501250625312,29.2,0.0,0.0,249.875,80.0,74.125.39.105,62.0,0.6,Botnet,200.0,0.0,4.0,0.14607303651825912,20.0,0.0,0.0,1.0,1097.0,10.0.2.15,57.683273138753144,999.5,5.0,3327.3599999999997
71.11111111111111,4496.065942300487,16.22222222222222,0.0,0.0,250.21875,80.0,74.125.39.105,62.0,0.7777777777777778,Botnet,200.0,0.0,8.0,0.07293618084176345,11.11111111111111,0.0,0.0,1.0,1098.0,10.0.2.15,45.637324988421106,2001.75,9.0,2082.765432098766
92.5,2088.227616810232,36.5,0.0,0.0,638.5,80.0,74.125.39.105,62.0,0.5,Botnet,200.0,509.5,3.0,0.07622030801357348,25.0,0.0,0.0,1.0,1099.0,10.0.2.15,62.151025735702866,1915.5,4.0,3862.75
92.5,3951.5929859224498,36.5,0.0,0.0,337.4166666666667,80.0,74.125.39.105,62.0,0.5,Botnet,200.0,0.0,3.0,0.14423314398616943,25.0,0.0,0.0,1.0,1100.0,10.0.2.15,62.151025735702866,1012.25,4.0,3862.75
134.83333333333334,5995.503372470647,79.5,0.0,0.0,200.15,80.0,66.150.188.209,62.0,0.6666666666666666,Botnet,531.0,0.0,5.0,0.47664251811141645,16.666666666666668,0.0,0.0,1.0,1101.0,10.0.2.15,177.19519996006915,1000.75,6.0,31398.138888888887
134.83333333333334,5923.000987166831,79.5,0.0,0.0,202.6,80.0,66.150.188.209,62.0,0.6666666666666666,Botnet,531.0,0.0,5.0,0.47087857847976305,16.666666666666668,0.0,0.0,1.0,1102.0,10.0.2.15,177.19519996006915,1013.0,6.0,31398.138888888887
134.83333333333334,3000.7501875468865,79.5,0.0,0.0,399.9,80.0,66.150.188.209,62.0,0.6666666666666666,Botnet,531.0,0.0,5.0,0.2385596399099775,16.666666666666668,0.0,0.0,1.0,1103.0,10.0.2.15,177.19519996006915,1999.5,6.0,31398.138888888887
134.83333333333334,6012.024048096192,79.5,0.0,0.0,199.6,80.0,66.150.188.209,62.0,0.6666666666666666,Botnet,531.0,0.0,5.0,0.4779559118236473,16.666666666666668,0.0,0.0,1.0,1104.0,10.0.2.15,177.19519996006915,998.0,6.0,31398.138888888887
134.83333333333334,3000.0,79.5,0.0,0.0,400.0,80.0,66.150.188.209,62.0,0.6666666666666666,Botnet,531.0,0.0,5.0,0.2385,16.666666666666668,0.0,0.0,1.0,1105.0,10.0.2.15,177.19519996006915,2000.0,6.0,31398.138888888887
134.83333333333334,794.9388890729025,79.5,0.0,0.0,1509.55,80.0,66.150.188.209,62.0,0.6666666666666666,Botnet,531.0,1000.75,5.0,0.06319764168129575,16.666666666666668,0.0,0.0,1.0,1106.0,10.0.2.15,177.19519996006915,7547.75,6.0,31398.138888888887
92.5,3956.478733926805,36.5,0.0,0.0,337.0,80.0,74.125.39.105,62.0,0.5,Botnet,200.0,0.0,3.0,0.1444114737883284,25.0,0.0,0.0,1.0,1107.0,10.0.2.15,62.151025735702866,1011.0,4.0,3862.75
92.5,1999.7500312460943,36.5,0.0,0.0,666.75,80.0,74.125.39.105,62.0,0.5,Botnet,200.0,999.75,3.0,0.07299087614048244,25.0,0.0,0.0,1.0,1108.0,10.0.2.15,62.151025735702866,2000.25,4.0,3862.75
92.5,3999.0002499375155,36.5,0.0,0.0,333.4166666666667,80.0,74.125.39.105,62.0,0.5,Botnet,200.0,0.0,3.0,0.14596350912271933,25.0,0.0,0.0,1.0,1109.0,10.0.2.15,62.151025735702866,1000.25,4.0,3862.75
92.5,3998.0009995002497,36.5,0.0,0.0,333.5,80.0,74.125.39.105,62.0,0.5,Botnet,200.0,0.0,3.0,0.14592703648175911,25.0,0.0,0.0,1.0,1110.0,10.0.2.15,62.151025735702866,1000.5,4.0,3862.75
92.5,4005.006257822278,36.5,0.0,0.0,332.9166666666667,80.0,74.125.39.105,62.0,0.5,Botnet,200.0,0.0,3.0,0.14618272841051314,25.0,0.0,0.0,1.0,1111.0,10.0.2.15,62.151025735702866,998.75,4.0,3862.75
92.5,3998.0009995002497,36.5,0.0,0.0,333.5,80.0,74.125.39.105,62.0,0.5,Botnet,200.0,0.0,3.0,0.14592703648175911,25.0,0.0,0.0,1.0,1112.0,10.0.2.15,62.151025735702866,1000.5,4.0,3862.75
84.8,4995.004995004995,29.2,0.0,0.0,250.25,80.0,74.125.39.105,62.0,0.6,Botnet,200.0,0.0,4.0,0.14585414585414586,20.0,0.0,0.0,1.0,1113.0,10.0.2.15,57.683273138753144,1001.0,5.0,3327.3599999999997
92.5,2245.6140350877195,36.5,0.0,0.0,593.75,80.0,74.125.39.105,62.0,0.5,Botnet,200.0,782.0,3.0,0.08196491228070175,25.0,0.0,0.0,1.0,1114.0,10.0.2.15,62.151025735702866,1781.25,4.0,3862.75
92.5,3980.0995024875624,36.5,0.0,0.0,335.0,80.0,74.125.39.105,62.0,0.5,Botnet,200.0,0.0,3.0,0.14527363184079603,25.0,0.0,0.0,1.0,1115.0,10.0.2.15,62.151025735702866,1005.0,4.0,3862.75
92.5,4002.00100050025,36.5,0.0,0.0,333.1666666666667,80.0,74.125.39.105,62.0,0.5,Botnet,200.0,0.0,3.0,0.14607303651825912,25.0,0.0,0.0,1.0,1116.0,10.0.2.15,62.151025735702866,999.5,4.0,3862.75
134.83333333333334,3990.0249376558604,79.5,0.0,0.0,300.75,80.0,66.150.188.209,62.0,0.6666666666666666,Botnet,531.0,0.0,5.0,0.3172069825436409,16.666666666666668,0.0,0.0,1.0,1117.0,10.0.2.15,177.19519996006915,1503.75,6.0,31398.138888888887
134.83333333333334,5980.56316969848,79.5,0.0,0.0,200.65,80.0,66.150.188.209,62.0,0.6666666666666666,Botnet,531.0,0.0,5.0,0.47545477199102915,16.666666666666668,0.0,0.0,1.0,1118.0,10.0.2.15,177.19519996006915,1003.25,6.0,31398.138888888887
134.83333333333334,3000.3750468808603,79.5,0.0,0.0,399.95,80.0,66.150.188.209,62.0,0.6666666666666666,Botnet,531.0,0.0,5.0,0.23852981622702837,16.666666666666668,0.0,0.0,1.0,1119.0,10.0.2.15,177.19519996006915,1999.75,6.0,31398.138888888887
134.83333333333334,6001.500375093773,79.5,0.0,0.0,199.95,80.0,66.150.188.209,62.0,0.6666666666666666,Botnet,531.0,0.0,5.0,0.477119279819955,16.666666666666668,0.0,0.0,1.0,1120.0,10.0.2.15,177.19519996006915,999.75,6.0,31398.138888888887
134.83333333333334,5997.001499250375,79.5,0.0,0.0,200.1,80.0,66.150.188.209,62.0,0.6666666666666666,Botnet,531.0,0.0,5.0,0.4767616191904048,16.666666666666668,0.0,0.0,1.0,1121.0,10.0.2.15,177.19519996006915,1000.5,6.0,31398.138888888887
134.83333333333334,1499.8125234345707,79.5,0.0,0.0,800.1,80.0,66.150.188.209,62.0,0.6666666666666666,Botnet,531.0,0.0,5.0,0.11923509561304838,16.666666666666668,0.0,0.0,1.0,1122.0,10.0.2.15,177.19519996006915,4000.5,6.0,31398.138888888887
84.8,4996.252810392206,29.2,0.0,0.0,250.1875,80.0,74.125.39.103,62.0,0.6,Botnet,200.0,0.0,4.0,0.1458905820634524,20.0,0.0,0.0,1.0,1123.0,10.0.2.15,57.683273138753144,1000.75,5.0,3327.3599999999997
84.8,4980.0796812749,29.2,0.0,0.0,251.0,80.0,74.125.39.103,62.0,0.6,Botnet,200.0,0.0,4.0,0.1454183266932271,20.0,0.0,0.0,1.0,1124.0,10.0.2.15,57.683273138753144,1004.0,5.0,3327.3599999999997
92.5,4002.00100050025,36.5,0.0,0.0,333.1666666666667,80.0,74.125.39.103,62.0,0.5,Botnet,200.0,0.0,3.0,0.14607303651825912,25.0,0.0,0.0,1.0,1125.0,10.0.2.15,62.151025735702866,999.5,4.0,3862.75
92.5,3999.0002499375155,36.5,0.0,0.0,333.4166666666667,80.0,74.125.39.103,62.0,0.5,Botnet,200.0,0.0,3.0,0.14596350912271933,25.0,0.0,0.0,1.0,1126.0,10.0.2.15,62.151025735702866,1000.25,4.0,3862.75
92.5,4000.0,36.5,0.0,0.0,333.3333333333333,80.0,74.125.39.103,62.0,0.5,Botnet,200.0,0.0,3.0,0.146,25.0,0.0,0.0,1.0,1127.0,10.0.2.15,62.151025735702866,1000.0,4.0,3862.75
92.5,3999.0002499375155,36.5,0.0,0.0,333.4166666666667,80.0,74.125.39.103,62.0,0.5,Botnet,200.0,0.0,3.0,0.14596350912271933,25.0,0.0,0.0,1.0,1128.0,10.0.2.15,62.151025735702866,1000.25,4.0,3862.75
134.83333333333334,705.405167092849,79.5,0.0,0.0,1701.15,80.0,66.150.188.209,62.0,0.6666666666666666,Botnet,531.0,999.75,5.0,0.05607971078388149,16.666666666666668,0.0,0.0,1.0,1129.0,10.0.2.15,177.19519996006915,8505.75,6.0,31398.138888888887
84.8,5002.501250625312,29.2,0.0,0.0,249.875,80.0,74.125.39.103,62.0,0.6,Botnet,200.0,0.0,4.0,0.14607303651825912,20.0,0.0,0.0,1.0,1130.0,10.0.2.15,57.683273138753144,999.5,5.0,3327.3599999999997
92.5,4000.0,36.5,0.0,0.0,333.3333333333333,80.0,74.125.39.103,62.0,0.5,Botnet,200.0,0.0,3.0,0.146,25.0,0.0,0.0,1.0,1131.0,10.0.2.15,62.151025735702866,1000.0,4.0,3862.75
71.11111111111111,3591.3806863527534,16.22222222222222,0.0,0.0,313.25,80.0,74.125.39.103,62.0,0.7777777777777778,Botnet,200.0,0.0,8.0,0.05826017557861133,11.11111111111111,0.0,0.0,1.0,1132.0,10.0.2.15,45.637324988421106,2506.0,9.0,2082.765432098766
92.5,3999.0002499375155,36.5,0.0,0.0,333.4166666666667,80.0,74.125.39.103,62.0,0.5,Botnet,200.0,0.0,3.0,0.14596350912271933,25.0,0.0,0.0,1.0,1133.0,10.0.2.15,62.151025735702866,1000.25,4.0,3862.75
134.83333333333334,3623.1884057971015,79.5,0.0,0.0,331.2,80.0,66.150.188.209,62.0,0.6666666666666666,Botnet,531.0,0.0,5.0,0.28804347826086957,16.666666666666668,0.0,0.0,1.0,1134.0,10.0.2.15,177.19519996006915,1656.0,6.0,31398.138888888887
134.83333333333334,5980.56316969848,79.5,0.0,0.0,200.65,80.0,66.150.188.209,62.0,0.6666666666666666,Botnet,531.0,0.0,5.0,0.47545477199102915,16.666666666666668,0.0,0.0,1.0,1135.0,10.0.2.15,177.19519996006915,1003.25,6.0,31398.138888888887
134.83333333333334,2999.6250468691414,79.5,0.0,0.0,400.05,80.0,66.150.188.209,62.0,0.6666666666666666,Botnet,531.0,0.0,5.0,0.23847019122609675,16.666666666666668,0.0,0.0,1.0,1136.0,10.0.2.15,177.19519996006915,2000.25,6.0,31398.138888888887
134.83333333333334,3993.3444259567386,79.5,0.0,0.0,300.5,80.0,66.150.188.209,62.0,0.6666666666666666,Botnet,531.0,0.0,5.0,0.3174708818635607,16.666666666666668,0.0,0.0,1.0,1137.0,10.0.2.15,177.19519996006915,1502.5,6.0,31398.138888888887
134.83333333333334,5982.053838484547,79.5,0.0,0.0,200.6,80.0,66.150.188.209,62.0,0.6666666666666666,Botnet,531.0,0.0,5.0,0.47557328015952144,16.666666666666668,0.0,0.0,1.0,1138.0,10.0.2.15,177.19519996006915,1003.0,6.0,31398.138888888887
134.83333333333334,1200.0600030001501,79.5,0.0,0.0,999.95,80.0,66.150.188.209,62.0,0.6666666666666666,Botnet,531.0,0.0,5.0,0.09540477023851193,16.666666666666668,0.0,0.0,1.0,1139.0,10.0.2.15,177.19519996006915,4999.75,6.0,31398.138888888887
134.83333333333334,3000.0,79.5,0.0,0.0,400.0,80.0,66.150.188.209,62.0,0.6666666666666666,Botnet,531.0,0.0,5.0,0.2385,16.666666666666668,0.0,0.0,1.0,1140.0,10.0.2.15,177.19519996006915,2000.0,6.0,31398.138888888887
134.83333333333334,5994.005994005994,79.5,0.0,0.0,200.2,80.0,66.150.188.209,62.0,0.6666666666666666,Botnet,531.0,0.0,5.0,0.47652347652347654,16.666666666666668,0.0,0.0,1.0,1141.0,10.0.2.15,177.19519996006915,1001.0,6.0,31398.138888888887
134.83333333333334,3951.9183270212416,79.5,0.0,0.0,303.65,80.0,66.150.188.209,62.0,0.6666666666666666,Botnet,531.0,0.0,5.0,0.3141775069981887,16.666666666666668,0.0,0.0,1.0,1142.0,10.0.2.15,177.19519996006915,1518.25,6.0,31398.138888888887
134.83333333333334,5997.001499250375,79.5,0.0,0.0,200.1,80.0,66.150.188.209,62.0,0.6666666666666666,Botnet,531.0,0.0,5.0,0.4767616191904048,16.666666666666668,0.0,0.0,1.0,1143.0,10.0.2.15,177.19519996006915,1000.5,6.0,31398.138888888887
134.83333333333334,5997.001499250375,79.5,0.0,0.0,200.1,80.0,66.150.188.209,62.0,0.6666666666666666,Botnet,531.0,0.0,5.0,0.4767616191904048,16.666666666666668,0.0,0.0,1.0,1144.0,10.0.2.15,177.19519996006915,1000.5,6.0,31398.138888888887
151.0,1667.7785190126751,95.4,0.0,0.0,749.5,80.0,66.150.188.209,62.0,0.6,Botnet,531.0,0.0,4.0,0.1591060707138092,20.0,0.0,0.0,1.0,1145.0,10.0.2.15,190.0252614785729,2998.0,5.0,36109.6
84.8,5002.501250625312,29.2,0.0,0.0,249.875,80.0,74.125.39.105,62.0,0.6,Botnet,200.0,0.0,4.0,0.14607303651825912,20.0,0.0,0.0,1.0,1146.0,10.0.2.15,57.683273138753144,999.5,5.0,3327.3599999999997
92.5,3996.003996003996,36.5,0.0,0.0,333.6666666666667,80.0,74.125.39.105,62.0,0.5,Botnet,200.0,0.0,3.0,0.14585414585414586,25.0,0.0,0.0,1.0,1147.0,10.0.2.15,62.151025735702866,1001.0,4.0,3862.75
92.5,4002.00100050025,36.5,0.0,0.0,333.1666666666667,80.0,74.125.39.105,62.0,0.5,Botnet,200.0,0.0,3.0,0.14607303651825912,25.0,0.0,0.0,1.0,1148.0,10.0.2.15,62.151025735702866,999.5,4.0,3862.75
92.5,3998.0009995002497,36.5,0.0,0.0,333.5,80.0,74.125.39.105,62.0,0.5,Botnet,200.0,0.0,3.0,0.14592703648175911,25.0,0.0,0.0,1.0,1149.0,10.0.2.15,62.151025735702866,1000.5,4.0,3862.75
84.8,9828.009828009828,29.2,0.0,0.0,127.1875,80.0,74.125.39.105,62.0,0.6,Botnet,200.0,0.0,4.0,0.28697788697788695,20.0,0.0,0.0,1.0,1150.0,10.0.2.15,57.683273138753144,508.75,5.0,3327.3599999999997
134.83333333333334,3000.7501875468865,79.5,0.0,0.0,399.9,80.0,66.150.188.209,62.0,0.6666666666666666,Botnet,531.0,0.0,5.0,0.2385596399099775,16.666666666666668,0.0,0.0,1.0,1151.0,10.0.2.15,177.19519996006915,1999.5,6.0,31398.138888888887
134.83333333333334,3487.3583260680034,79.5,0.0,0.0,344.1,80.0,66.150.188.209,62.0,0.6666666666666666,Botnet,531.0,0.0,5.0,0.2772449869224063,16.666666666666668,0.0,0.0,1.0,1152.0,10.0.2.15,177.19519996006915,1720.5,6.0,31398.138888888887
134.83333333333334,3000.7501875468865,79.5,0.0,0.0,399.9,80.0,66.150.188.209,62.0,0.6666666666666666,Botnet,531.0,0.0,5.0,0.2385596399099775,16.666666666666668,0.0,0.0,1.0,1153.0,10.0.2.15,177.19519996006915,1999.5,6.0,31398.138888888887
134.83333333333334,3993.3444259567386,79.5,0.0,0.0,300.5,80.0,66.150.188.209,62.0,0.6666666666666666,Botnet,531.0,0.0,5.0,0.3174708818635607,16.666666666666668,0.0,0.0,1.0,1154.0,10.0.2.15,177.19519996006915,1502.5,6.0,31398.138888888887
134.83333333333334,5982.053838484547,79.5,0.0,0.0,200.6,80.0,66.150.188.209,62.0,0.6666666666666666,Botnet,531.0,0.0,5.0,0.47557328015952144,16.666666666666668,0.0,0.0,1.0,1155.0,10.0.2.15,177.19519996006915,1003.0,6.0,31398.138888888887
134.83333333333334,1200.0,79.5,0.0,0.0,1000.0,80.0,66.150.188.209,62.0,0.6666666666666666,Botnet,531.0,0.0,5.0,0.0954,16.666666666666668,0.0,0.0,1.0,1156.0,10.0.2.15,177.19519996006915,5000.0,6.0,31398.138888888887
134.83333333333334,3000.3750468808603,79.5,0.0,0.0,399.95,80.0,66.150.188.209,62.0,0.6666666666666666,Botnet,531.0,0.0,5.0,0.23852981622702837,16.666666666666668,0.0,0.0,1.0,1157.0,10.0.2.15,177.19519996006915,1999.75,6.0,31398.138888888887
134.83333333333334,5988.023952095808,79.5,0.0,0.0,200.4,80.0,66.150.188.209,62.0,0.6666666666666666,Botnet,531.0,0.0,5.0,0.47604790419161674,16.666666666666668,0.0,0.0,1.0,1158.0,10.0.2.15,177.19519996006915,1002.0,6.0,31398.138888888887
134.83333333333334,11741.682974559686,79.5,0.0,0.0,102.2,80.0,66.150.188.209,62.0,0.6666666666666666,Botnet,531.0,0.0,5.0,0.9334637964774951,16.666666666666668,0.0,0.0,1.0,1159.0,10.0.2.15,177.19519996006915,511.0,6.0,31398.138888888887
134.83333333333334,6004.503377533149,79.5,0.0,0.0,199.85,80.0,66.150.188.209,62.0,0.6666666666666666,Botnet,531.0,0.0,5.0,0.47735801851388543,16.666666666666668,0.0,0.0,1.0,1160.0,10.0.2.15,177.19519996006915,999.25,6.0,31398.138888888887
134.83333333333334,6000.0,79.5,0.0,0.0,200.0,80.0,66.150.188.209,62.0,0.6666666666666666,Botnet,531.0,0.0,5.0,0.477,16.666666666666668,0.0,0.0,1.0,1161.0,10.0.2.15,177.19519996006915,1000.0,6.0,31398.138888888887
134.83333333333334,1999.833347221065,79.5,0.0,0.0,600.05,80.0,66.150.188.209,62.0,0.6666666666666666,Botnet,531.0,0.0,5.0,0.15898675110407465,16.666666666666668,0.0,0.0,1.0,1162.0,10.0.2.15,177.19519996006915,3000.25,6.0,31398.138888888887
84.8,4992.511233150274,29.2,0.0,0.0,250.375,80.0,74.125.39.106,62.0,0.6,Botnet,200.0,0.0,4.0,0.14578132800798801,20.0,0.0,0.0,1.0,1163.0,10.0.2.15,57.683273138753144,1001.5,5.0,3327.3599999999997
92.5,4002.00100050025,36.5,0.0,0.0,333.1666666666667,80.0,74.125.39.106,62.0,0.5,Botnet,200.0,0.0,3.0,0.14607303651825912,25.0,0.0,0.0,1.0,1164.0,10.0.2.15,62.151025735702866,999.5,4.0,3862.75
84.8,5001.250312578145,29.2,0.0,0.0,249.9375,80.0,74.125.39.106,62.0,0.6,Botnet,200.0,0.0,4.0,0.14603650912728183,20.0,0.0,0.0,1.0,1165.0,10.0.2.15,57.683273138753144,999.75,5.0,3327.3599999999997
92.5,0.0,36.5,0.0,0.0,0.0,80.0,74.125.39.106,62.0,0.5,Botnet,200.0,0.0,3.0,0.0,25.0,0.0,0.0,1.0,1166.0,10.0.2.15,62.151025735702866,0.0,4.0,3862.75
76.0,4547.66931947377,20.857142857142858,0.0,0.0,256.5416666666667,80.0,74.125.39.106,62.0,0.7142857142857143,Botnet,200.0,0.0,6.0,0.09485138866331005,14.285714285714286,0.0,0.0,1.0,1167.0,10.0.2.15,50.69798530795592,1539.25,7.0,2570.285714285714
242.0,21.96088765907918,200.0,0.0,0.0,60714.0,21172.0,93.139.114.48,269.0,0.5,Botnet,269.0,40926.0,0.0,0.004392177531815836,100.0,1.0,0.0,4.0,15931.0,10.0.2.15,34.336569426778794,182142.0,4.0,1179.0
245.33333333333334,21.24405166553365,203.33333333333334,0.0,0.0,70608.0,14153.0,172.162.167.55,271.0,0.3333333333333333,Botnet,271.0,70608.0,0.0,0.004319623838658509,100.0,1.0,0.0,3.0,15931.0,10.0.2.15,23.612614331233114,141216.0,3.0,557.5555555555555
258.75,21.96088765907918,216.75,0.0,0.0,60714.0,24592.0,180.254.71.117,306.0,0.25,Botnet,306.0,40926.0,0.0,0.004760022400105412,100.0,1.0,0.0,4.0,15931.0,10.0.2.15,55.02442639410246,182142.0,4.0,3027.6875
134.83333333333334,601.8506908744389,79.5,0.0,0.0,1993.85,80.0,66.150.188.209,62.0,0.6666666666666666,Botnet,531.0,0.0,5.0,0.047847129924517895,16.666666666666668,0.0,0.0,1.0,1168.0,10.0.2.15,177.19519996006915,9969.25,6.0,31398.138888888887
290.0,84.72990577328396,248.0,0.0,0.0,14162.65,15931.0,10.0.2.15,540.0,0.16666666666666666,Botnet,540.0,15741.0,0.0,0.02101301663177442,100.0,1.0,0.0,6.0,27438.0,99.45.226.110,115.15786266396807,70813.25,6.0,13261.333333333334
236.2,77.68121571102587,194.2,0.0,0.0,14303.472222222223,25261.0,85.105.104.131,258.0,0.1,Botnet,284.0,15740.5,0.0,0.015085692091081225,100.0,1.0,0.0,10.0,15931.0,10.0.2.15,37.3196998916122,128731.25,10.0,1392.76
263.7,77.68121571102587,221.7,0.0,0.0,14303.472222222223,15931.0,10.0.2.15,544.0,0.1,Botnet,550.0,15740.5,0.0,0.017221925523134438,100.0,1.0,0.0,10.0,25261.0,85.105.104.131,153.74332505835824,128731.25,10.0,23637.010000000002
169.2,77.09461243574646,127.2,0.0,0.0,14412.305555555555,22462.0,46.40.115.57,122.0,0.1,Botnet,267.0,16740.25,0.0,0.00980643470182695,100.0,1.0,0.0,10.0,15931.0,10.0.2.15,63.80720962399155,129710.75,10.0,4071.3599999999997
281.0,77.09461243574646,239.0,0.0,0.0,14412.305555555555,15931.0,10.0.2.15,543.0,0.2,Botnet,549.0,16740.25,0.0,0.018425612372143404,100.0,1.0,0.0,10.0,22462.0,46.40.115.57,138.34232902477822,129710.75,10.0,19138.6
184.3,77.59005295521114,142.3,0.0,0.0,14320.277777777777,29955.0,108.87.184.9,141.0,0.1,Botnet,262.0,16740.25,0.0,0.011041064535526545,100.0,1.0,0.0,10.0,15931.0,10.0.2.15,42.92796291463176,128882.5,10.0,1842.8100000000002
193.6,77.59005295521114,151.6,0.0,0.0,14320.277777777777,15931.0,10.0.2.15,536.0,0.8,Botnet,536.0,16740.25,0.0,0.01176265202801001,100.0,1.0,0.0,10.0,29955.0,108.87.184.9,171.2,128882.5,10.0,29309.43999999999
171.2,77.95964029421968,129.2,0.0,0.0,14252.388888888889,23887.0,174.54.250.160,257.0,0.1,Botnet,271.0,16740.25,0.0,0.010072385526013182,100.0,1.0,0.0,10.0,15931.0,10.0.2.15,63.93872066283466,128271.5,10.0,4088.16
193.6,77.95964029421968,151.6,0.0,0.0,14252.388888888889,15931.0,10.0.2.15,536.0,0.8,Botnet,536.0,16740.25,0.0,0.011818681468603704,100.0,1.0,0.0,10.0,23887.0,174.54.250.160,171.2,128271.5,10.0,29309.43999999999
194.7,77.96678225242135,152.7,0.0,0.0,14251.083333333334,22870.0,89.143.198.212,122.0,0.1,Botnet,266.0,16627.0,0.0,0.011905527649944741,100.0,1.0,0.0,10.0,15931.0,10.0.2.15,50.002099955901855,128259.75,10.0,2500.21
274.8,77.96678225242135,232.8,0.0,0.0,14251.083333333334,15931.0,10.0.2.15,544.0,0.1,Botnet,544.0,16627.0,0.0,0.018150666908363693,100.0,1.0,0.0,10.0,22870.0,89.143.198.212,142.64066741290858,128259.75,10.0,20346.359999999997
202.75,71.47281650545575,160.75,0.0,0.0,15263.272727272728,10521.0,125.167.3.52,210.0,0.08333333333333333,Botnet,307.0,16190.25,0.0,0.011489255253252013,100.0,1.0,0.0,12.0,15931.0,10.0.2.15,61.8049687862284,167896.0,12.0,3819.8541666666665
265.6666666666667,71.47281650545575,223.66666666666666,0.0,0.0,15263.272727272728,15931.0,10.0.2.15,539.0,0.16666666666666666,Botnet,546.0,15626.75,0.0,0.015986086625053606,100.0,1.0,0.0,12.0,10521.0,125.167.3.52,162.22583709823235,167896.0,12.0,26317.22222222222
134.83333333333334,999.5002498750624,79.5,0.0,0.0,1200.6,80.0,66.150.188.209,62.0,0.6666666666666666,Botnet,531.0,1002.0,5.0,0.07946026986506746,16.666666666666668,0.0,0.0,1.0,1169.0,10.0.2.15,177.19519996006915,6003.0,6.0,31398.138888888887
199.3,79.20149057205256,157.3,0.0,0.0,14028.916666666666,13405.0,66.61.90.112,233.0,0.1,Botnet,272.0,16237.5,0.0,0.01245839446698387,100.0,1.0,0.0,10.0,15931.0,10.0.2.15,47.80177820960221,126260.25,10.0,2285.0100000000007
253.9,79.20149057205256,211.9,0.0,0.0,14028.916666666666,15931.0,10.0.2.15,538.0,0.1,Botnet,546.0,16237.5,0.0,0.016782795852217938,100.0,1.0,0.0,10.0,13405.0,66.61.90.112,152.98068505533632,126260.25,10.0,23403.090000000004
196.2,79.83506076446062,154.2,0.0,0.0,13917.583333333334,13862.0,190.220.117.73,218.0,0.1,Botnet,301.0,15688.75,0.0,0.012310566369879828,100.0,1.0,0.0,10.0,15931.0,10.0.2.15,67.31092036215223,125258.25,10.0,4530.76
258.4,79.20227468932907,216.4,0.0,0.0,14028.777777777777,15931.0,10.0.2.15,539.0,0.1,Botnet,545.0,15688.75,0.0,0.017139372242770814,100.0,1.0,0.0,10.0,13862.0,190.220.117.73,152.5753584298592,126259.0,10.0,23279.24
207.4,78.58854964831625,165.4,0.0,0.0,14138.333333333334,18137.0,114.73.4.13,294.0,0.2,Botnet,294.0,17129.75,0.0,0.012998546111831506,100.0,1.0,0.0,10.0,15931.0,10.0.2.15,47.424044534392046,127245.0,10.0,2249.04
255.9,78.58854964831625,213.9,0.0,0.0,14138.333333333334,15931.0,10.0.2.15,538.0,0.1,Botnet,546.0,17129.75,0.0,0.016810090769774844,100.0,1.0,0.0,10.0,18137.0,114.73.4.13,152.00555910886945,127245.0,10.0,23105.690000000002
134.83333333333334,3976.801988400994,79.5,0.0,0.0,301.75,80.0,66.150.188.209,62.0,0.6666666666666666,Botnet,531.0,0.0,5.0,0.31615575807787905,16.666666666666668,0.0,0.0,1.0,1170.0,10.0.2.15,177.19519996006915,1508.75,6.0,31398.138888888887
134.83333333333334,5946.481665014866,79.5,0.0,0.0,201.8,80.0,66.150.188.209,62.0,0.6666666666666666,Botnet,531.0,0.0,5.0,0.47274529236868185,16.666666666666668,0.0,0.0,1.0,1171.0,10.0.2.15,177.19519996006915,1009.0,6.0,31398.138888888887
134.83333333333334,6001.500375093773,79.5,0.0,0.0,199.95,80.0,66.150.188.209,62.0,0.6666666666666666,Botnet,531.0,0.0,5.0,0.477119279819955,16.666666666666668,0.0,0.0,1.0,1172.0,10.0.2.15,177.19519996006915,999.75,6.0,31398.138888888887
134.83333333333334,5991.013479780329,79.5,0.0,0.0,200.3,80.0,66.150.188.209,62.0,0.6666666666666666,Botnet,531.0,0.0,5.0,0.4762855716425362,16.666666666666668,0.0,0.0,1.0,1173.0,10.0.2.15,177.19519996006915,1001.5,6.0,31398.138888888887
134.83333333333334,3630.313114506126,79.5,0.0,0.0,330.55,80.0,66.150.188.209,62.0,0.6666666666666666,Botnet,531.0,0.0,5.0,0.28860989260323705,16.666666666666668,0.0,0.0,1.0,1174.0,10.0.2.15,177.19519996006915,1652.75,6.0,31398.138888888887
134.83333333333334,1086.9072958652234,79.5,0.0,0.0,1104.05,80.0,66.150.188.209,62.0,0.6666666666666666,Botnet,531.0,0.0,5.0,0.08640913002128527,16.666666666666668,0.0,0.0,1.0,1175.0,10.0.2.15,177.19519996006915,5520.25,6.0,31398.138888888887
134.83333333333334,5997.001499250375,79.5,0.0,0.0,200.1,80.0,66.150.188.209,62.0,0.6666666666666666,Botnet,531.0,0.0,5.0,0.4767616191904048,16.666666666666668,0.0,0.0,1.0,1176.0,10.0.2.15,177.19519996006915,1000.5,6.0,31398.138888888887
134.83333333333334,2999.6250468691414,79.5,0.0,0.0,400.05,80.0,66.150.188.209,62.0,0.6666666666666666,Botnet,531.0,0.0,5.0,0.23847019122609675,16.666666666666668,0.0,0.0,1.0,1177.0,10.0.2.15,177.19519996006915,2000.25,6.0,31398.138888888887
134.83333333333334,2999.2501874531367,79.5,0.0,0.0,400.1,80.0,66.150.188.209,62.0,0.6666666666666666,Botnet,531.0,0.0,5.0,0.23844038990252436,16.666666666666668,0.0,0.0,1.0,1178.0,10.0.2.15,177.19519996006915,2000.5,6.0,31398.138888888887
134.83333333333334,3001.1254220332626,79.5,0.0,0.0,399.85,80.0,66.150.188.209,62.0,0.6666666666666666,Botnet,531.0,0.0,5.0,0.23858947105164435,16.666666666666668,0.0,0.0,1.0,1179.0,10.0.2.15,177.19519996006915,1999.25,6.0,31398.138888888887
134.83333333333334,2693.3004152171475,79.5,0.0,0.0,445.55,80.0,66.150.188.209,62.0,0.6666666666666666,Botnet,531.0,0.0,5.0,0.2141173830097632,16.666666666666668,0.0,0.0,1.0,1180.0,10.0.2.15,177.19519996006915,2227.75,6.0,31398.138888888887
134.83333333333334,708.6335183654187,79.5,0.0,0.0,1693.4,80.0,66.150.188.209,62.0,0.6666666666666666,Botnet,531.0,0.0,5.0,0.05633636471005078,16.666666666666668,0.0,0.0,1.0,1181.0,10.0.2.15,177.19519996006915,8467.0,6.0,31398.138888888887
134.83333333333334,3532.008830022075,79.5,0.0,0.0,339.75,80.0,66.150.188.209,62.0,0.6666666666666666,Botnet,531.0,511.75,5.0,0.280794701986755,16.666666666666668,0.0,0.0,1.0,1182.0,10.0.2.15,177.19519996006915,1698.75,6.0,31398.138888888887
134.83333333333334,3115.264797507788,79.5,0.0,0.0,385.2,80.0,66.150.188.209,62.0,0.6666666666666666,Botnet,531.0,639.75,5.0,0.24766355140186916,16.666666666666668,0.0,0.0,1.0,1183.0,10.0.2.15,177.19519996006915,1926.0,6.0,31398.138888888887
134.83333333333334,3122.154286457656,79.5,0.0,0.0,384.35,80.0,66.150.188.209,62.0,0.6666666666666666,Botnet,531.0,637.5,5.0,0.24821126577338362,16.666666666666668,0.0,0.0,1.0,1184.0,10.0.2.15,177.19519996006915,1921.75,6.0,31398.138888888887
134.83333333333334,5523.590333716916,79.5,0.0,0.0,217.25,80.0,66.150.188.209,62.0,0.6666666666666666,Botnet,531.0,0.0,5.0,0.4391254315304948,16.666666666666668,0.0,0.0,1.0,1185.0,10.0.2.15,177.19519996006915,1086.25,6.0,31398.138888888887
134.83333333333334,4829.94566311129,79.5,0.0,0.0,248.45,80.0,66.150.188.209,62.0,0.6666666666666666,Botnet,531.0,0.0,5.0,0.38398068021734755,16.666666666666668,0.0,0.0,1.0,1186.0,10.0.2.15,177.19519996006915,1242.25,6.0,31398.138888888887
134.83333333333334,1059.649432646033,79.5,0.0,0.0,1132.45,80.0,66.150.188.209,62.0,0.6666666666666666,Botnet,531.0,0.0,5.0,0.08424212989535962,16.666666666666668,0.0,0.0,1.0,1187.0,10.0.2.15,177.19519996006915,5662.25,6.0,31398.138888888887
134.83333333333334,6003.001500750375,79.5,0.0,0.0,199.9,80.0,66.150.188.209,62.0,0.6666666666666666,Botnet,531.0,0.0,5.0,0.47723861930965483,16.666666666666668,0.0,0.0,1.0,1188.0,10.0.2.15,177.19519996006915,999.5,6.0,31398.138888888887
134.83333333333334,3000.3750468808603,79.5,0.0,0.0,399.95,80.0,66.150.188.209,62.0,0.6666666666666666,Botnet,531.0,0.0,5.0,0.23852981622702837,16.666666666666668,0.0,0.0,1.0,1189.0,10.0.2.15,177.19519996006915,1999.75,6.0,31398.138888888887
134.83333333333334,5998.5003749062735,79.5,0.0,0.0,200.05,80.0,66.150.188.209,62.0,0.6666666666666666,Botnet,531.0,0.0,5.0,0.4768807798050487,16.666666666666668,0.0,0.0,1.0,1190.0,10.0.2.15,177.19519996006915,1000.25,6.0,31398.138888888887
134.83333333333334,3381.7105819360295,79.5,0.0,0.0,354.85,80.0,66.150.188.209,62.0,0.6666666666666666,Botnet,531.0,0.0,5.0,0.26884599126391434,16.666666666666668,0.0,0.0,1.0,1191.0,10.0.2.15,177.19519996006915,1774.25,6.0,31398.138888888887
134.83333333333334,2992.8918817807707,79.5,0.0,0.0,400.95,80.0,66.150.188.209,62.0,0.6666666666666666,Botnet,531.0,0.0,5.0,0.23793490460157127,16.666666666666668,0.0,0.0,1.0,1192.0,10.0.2.15,177.19519996006915,2004.75,6.0,31398.138888888887
134.83333333333334,1500.3750937734433,79.5,0.0,0.0,799.8,80.0,66.150.188.209,62.0,0.6666666666666666,Botnet,531.0,0.0,5.0,0.11927981995498875,16.666666666666668,0.0,0.0,1.0,1193.0,10.0.2.15,177.19519996006915,3999.0,6.0,31398.138888888887
71.11111111111111,4501.688133049894,16.22222222222222,0.0,0.0,249.90625,80.0,74.125.39.106,62.0,0.7777777777777778,Botnet,200.0,0.0,8.0,0.07302738526947605,11.11111111111111,0.0,0.0,1.0,1194.0,10.0.2.15,45.637324988421106,1999.25,9.0,2082.765432098766
92.5,3995.0062421972534,36.5,0.0,0.0,333.75,80.0,74.125.39.106,62.0,0.5,Botnet,200.0,0.0,3.0,0.14581772784019975,25.0,0.0,0.0,1.0,1195.0,10.0.2.15,62.151025735702866,1001.25,4.0,3862.75
76.0,2789.122422552047,20.857142857142858,0.0,0.0,418.2916666666667,80.0,74.125.39.106,62.0,0.7142857142857143,Botnet,200.0,0.0,6.0,0.05817312481322841,14.285714285714286,0.0,0.0,1.0,1196.0,10.0.2.15,50.69798530795592,2509.75,7.0,2570.285714285714
76.0,2333.1389050912426,20.857142857142858,0.0,0.0,500.0416666666667,80.0,74.125.39.106,62.0,0.7142857142857143,Botnet,200.0,499.75,6.0,0.04866261144904591,14.285714285714286,0.0,0.0,1.0,1197.0,10.0.2.15,50.69798530795592,3000.25,7.0,2570.285714285714
84.8,3024.3459851807047,29.2,0.0,0.0,413.3125,80.0,74.125.39.106,62.0,0.6,Botnet,200.0,326.75,4.0,0.08831090276727657,20.0,0.0,0.0,1.0,1198.0,10.0.2.15,57.683273138753144,1653.25,5.0,3327.3599999999997
92.5,2644.1910428028427,36.5,0.0,0.0,504.25,80.0,74.125.39.106,62.0,0.5,Botnet,200.0,0.0,3.0,0.09651297306230375,25.0,0.0,0.0,1.0,1199.0,10.0.2.15,62.151025735702866,1512.75,4.0,3862.75
134.83333333333334,3000.3750468808603,79.5,0.0,0.0,399.95,80.0,66.150.188.209,62.0,0.6666666666666666,Botnet,531.0,0.0,5.0,0.23852981622702837,16.666666666666668,0.0,0.0,1.0,1200.0,10.0.2.15,177.19519996006915,1999.75,6.0,31398.138888888887
134.83333333333334,3000.0,79.5,0.0,0.0,400.0,80.0,66.150.188.209,62.0,0.6666666666666666,Botnet,531.0,0.0,5.0,0.2385,16.666666666666668,0.0,0.0,1.0,1201.0,10.0.2.15,177.19519996006915,2000.0,6.0,31398.138888888887
134.83333333333334,3000.3750468808603,79.5,0.0,0.0,399.95,80.0,66.150.188.209,62.0,0.6666666666666666,Botnet,531.0,0.0,5.0,0.23852981622702837,16.666666666666668,0.0,0.0,1.0,1202.0,10.0.2.15,177.19519996006915,1999.75,6.0,31398.138888888887
134.83333333333334,2999.2501874531367,79.5,0.0,0.0,400.1,80.0,66.150.188.209,62.0,0.6666666666666666,Botnet,531.0,0.0,5.0,0.23844038990252436,16.666666666666668,0.0,0.0,1.0,1203.0,10.0.2.15,177.19519996006915,2000.5,6.0,31398.138888888887
134.83333333333334,2957.1217348447512,79.5,0.0,0.0,405.8,80.0,66.150.188.209,62.0,0.6666666666666666,Botnet,531.0,0.0,5.0,0.2350911779201577,16.666666666666668,0.0,0.0,1.0,1204.0,10.0.2.15,177.19519996006915,2029.0,6.0,31398.138888888887
134.83333333333334,2007.024586051179,79.5,0.0,0.0,597.9,80.0,66.150.188.209,62.0,0.6666666666666666,Botnet,531.0,0.0,5.0,0.15955845459106874,16.666666666666668,0.0,0.0,1.0,1205.0,10.0.2.15,177.19519996006915,2989.5,6.0,31398.138888888887
79.66666666666667,2997.7516862353236,24.333333333333332,0.0,0.0,400.3,80.0,74.125.39.147,62.0,0.6666666666666666,Botnet,200.0,0.0,5.0,0.0729452910317262,16.666666666666668,0.0,0.0,1.0,1206.0,10.0.2.15,53.89392874485544,2001.5,6.0,2904.555555555555
71.11111111111111,4500.0,16.22222222222222,0.0,0.0,250.0,80.0,74.125.39.147,62.0,0.7777777777777778,Botnet,200.0,0.0,8.0,0.073,11.11111111111111,0.0,0.0,1.0,1207.0,10.0.2.15,45.637324988421106,2000.0,9.0,2082.765432098766
92.5,4006.0090135202804,36.5,0.0,0.0,332.8333333333333,80.0,74.125.39.147,62.0,0.5,Botnet,200.0,0.0,3.0,0.14621932899349024,25.0,0.0,0.0,1.0,1208.0,10.0.2.15,62.151025735702866,998.5,4.0,3862.75
92.5,0.0,36.5,0.0,0.0,0.0,80.0,74.125.39.147,62.0,0.5,Botnet,200.0,0.0,3.0,0.0,25.0,0.0,0.0,1.0,1209.0,10.0.2.15,62.151025735702866,0.0,4.0,3862.75
92.5,0.0,36.5,0.0,0.0,0.0,80.0,74.125.39.147,62.0,0.5,Botnet,200.0,0.0,3.0,0.0,25.0,0.0,0.0,1.0,1210.0,10.0.2.15,62.151025735702866,0.0,4.0,3862.75
134.83333333333334,1500.7503751875938,79.5,0.0,0.0,799.6,80.0,66.150.188.209,62.0,0.6666666666666666,Botnet,531.0,0.0,5.0,0.11930965482741371,16.666666666666668,0.0,0.0,1.0,1211.0,10.0.2.15,177.19519996006915,3998.0,6.0,31398.138888888887
134.83333333333334,5970.149253731343,79.5,0.0,0.0,201.0,80.0,66.150.188.209,62.0,0.6666666666666666,Botnet,531.0,0.0,5.0,0.4746268656716418,16.666666666666668,0.0,0.0,1.0,1212.0,10.0.2.15,177.19519996006915,1005.0,6.0,31398.138888888887
134.83333333333334,2995.132909022838,79.5,0.0,0.0,400.65,80.0,66.150.188.209,62.0,0.6666666666666666,Botnet,531.0,0.0,5.0,0.2381130662673156,16.666666666666668,0.0,0.0,1.0,1213.0,10.0.2.15,177.19519996006915,2003.25,6.0,31398.138888888887
134.83333333333334,2516.514627241271,79.5,0.0,0.0,476.85,80.0,66.150.188.209,62.0,0.6666666666666666,Botnet,531.0,0.0,5.0,0.20006291286568104,16.666666666666668,0.0,0.0,1.0,1214.0,10.0.2.15,177.19519996006915,2384.25,6.0,31398.138888888887
134.83333333333334,2992.5187032418953,79.5,0.0,0.0,401.0,80.0,66.150.188.209,62.0,0.6666666666666666,Botnet,531.0,0.0,5.0,0.23790523690773066,16.666666666666668,0.0,0.0,1.0,1215.0,10.0.2.15,177.19519996006915,2005.0,6.0,31398.138888888887
134.83333333333334,3002.2516887665747,79.5,0.0,0.0,399.7,80.0,66.150.188.209,62.0,0.6666666666666666,Botnet,531.0,0.0,5.0,0.23867900925694271,16.666666666666668,0.0,0.0,1.0,1216.0,10.0.2.15,177.19519996006915,1998.5,6.0,31398.138888888887
134.83333333333334,302.16805580036765,79.5,0.0,0.0,3971.3,80.0,66.150.188.209,62.0,0.6666666666666666,Botnet,531.0,1000.25,5.0,0.024022360436129226,16.666666666666668,0.0,0.0,1.0,1217.0,10.0.2.15,177.19519996006915,19856.5,6.0,31398.138888888887
84.8,6389.776357827476,29.2,0.0,0.0,195.625,80.0,74.125.39.147,62.0,0.6,Botnet,200.0,0.0,4.0,0.1865814696485623,20.0,0.0,0.0,1.0,1218.0,10.0.2.15,57.683273138753144,782.5,5.0,3327.3599999999997
134.83333333333334,452.0710505001036,79.5,0.0,0.0,2654.45,80.0,66.150.188.209,62.0,0.6666666666666666,Botnet,531.0,1001.0,5.0,0.035939648514758234,16.666666666666668,0.0,0.0,1.0,1219.0,10.0.2.15,177.19519996006915,13272.25,6.0,31398.138888888887
134.83333333333334,819.7561225535403,79.5,0.0,0.0,1463.85,80.0,66.150.188.209,62.0,0.6666666666666666,Botnet,531.0,999.0,5.0,0.06517061174300645,16.666666666666668,0.0,0.0,1.0,1220.0,10.0.2.15,177.19519996006915,7319.25,6.0,31398.138888888887
134.83333333333334,704.7423285861107,79.5,0.0,0.0,1702.75,80.0,66.150.188.209,62.0,0.6666666666666666,Botnet,531.0,999.25,5.0,0.0560270151225958,16.666666666666668,0.0,0.0,1.0,1221.0,10.0.2.15,177.19519996006915,8513.75,6.0,31398.138888888887
134.83333333333334,824.827301783689,79.5,0.0,0.0,1454.85,80.0,66.150.188.209,62.0,0.6666666666666666,Botnet,531.0,999.75,5.0,0.06557377049180328,16.666666666666668,0.0,0.0,1.0,1222.0,10.0.2.15,177.19519996006915,7274.25,6.0,31398.138888888887
134.83333333333334,3990.6883937479215,79.5,0.0,0.0,300.7,80.0,66.150.188.209,62.0,0.6666666666666666,Botnet,531.0,0.0,5.0,0.31725972730295976,16.666666666666668,0.0,0.0,1.0,1223.0,10.0.2.15,177.19519996006915,1503.5,6.0,31398.138888888887
134.83333333333334,5979.073243647234,79.5,0.0,0.0,200.7,80.0,66.150.188.209,62.0,0.6666666666666666,Botnet,531.0,0.0,5.0,0.47533632286995514,16.666666666666668,0.0,0.0,1.0,1224.0,10.0.2.15,177.19519996006915,1003.5,6.0,31398.138888888887
134.83333333333334,5998.5003749062735,79.5,0.0,0.0,200.05,80.0,66.150.188.209,62.0,0.6666666666666666,Botnet,531.0,0.0,5.0,0.4768807798050487,16.666666666666668,0.0,0.0,1.0,1225.0,10.0.2.15,177.19519996006915,1000.25,6.0,31398.138888888887
175.25,7944.389275074479,119.25,0.0,0.0,167.83333333333334,80.0,66.150.188.209,62.0,0.5,Botnet,531.0,0.0,3.0,0.9473684210526315,25.0,0.0,0.0,1.0,1226.0,10.0.2.15,205.41832318466626,503.5,4.0,42196.6875
